track_id,bpm,musical_key,camelot,energy,groove,vocal,role,source,confidence
spotify-2KVAO2OAH6a9Tr2DqYL65g,126.0,F# minor,11A,0.725,afro,0.112,lifter,Spotify public 30s preview: beat/chroma/HPSS/RMS/onset structural analysis ; Mixgraph exact-id: https://www.mixgraph.io/tracks/jerry-ropero-coraao-20th-anniversary-mix,0.9
spotify-4G5vEpp26cEIj9FnVYft8i,123.0,E minor,9A,0.537,techno,0.269,reset,Spotify public 30s preview: beat/chroma/HPSS/RMS/onset structural analysis ; Mixgraph exact-id: https://www.mixgraph.io/tracks/picca-mars-move-in-time,0.9
spotify-7M4GUQ0CZU5A9CO2hkadG4,128.0,C major,8B,0.621,house,0.03,reset,Spotify public 30s preview: beat/chroma/HPSS/RMS/onset structural analysis ; Mixgraph exact-id: https://www.mixgraph.io/tracks/sem-jacobs-blue-berries-extended-mix,0.9
spotify-6ms1mOmSxRvNsZ7ZcpONmC,120.0,E minor,9A,0.676,afro,0.247,reset,Spotify public 30s preview: beat/chroma/HPSS/RMS/onset structural analysis ; Mixgraph exact-id: https://www.mixgraph.io/tracks/steve-n-with-you-extended-mix,0.9
spotify-0TONQ6PLt48eBp5yzh7Of3,121.0,C minor,5A,0.529,afro,0.03,reset,Spotify public 30s preview: beat/chroma/HPSS/RMS/onset structural analysis ; Mixgraph exact-id: https://www.mixgraph.io/tracks/ucha-fuma-ya-extended,0.82
spotify-5QwJtoSfJqEPHlNCm46uex,122.0,C# major,3B,0.511,afro,0.16,reset,Spotify public 30s preview: beat/chroma/HPSS/RMS/onset structural analysis ; Mixgraph exact-id: https://www.mixgraph.io/tracks/unfazed-a-gira-extended-mix,0.9
spotify-4evs5hmj8J4cJzcMgylQzl,122.0,E major,12B,0.454,afro,0.311,opener,Spotify public 30s preview: beat/chroma/HPSS/RMS/onset structural analysis ; Mixgraph exact-id: https://www.mixgraph.io/tracks/mr-v-home-feat-mr-v-extended-mix,0.9
spotify-2NES935FgVCZnwpimrxAJ6,122.0,G minor,6A,0.631,afro,0.73,vocal,Spotify public 30s preview: beat/chroma/HPSS/RMS/onset structural analysis ; Mixgraph exact-title search performed; no exact recording match for Spotify 2NES935FgVCZnwpimrxAJ6,0.64
spotify-7nhwdbIZnJBspw1L9KDT4W,123.0,G minor,6A,0.44,afro,0.449,opener,Spotify public 30s preview: beat/chroma/HPSS/RMS/onset structural analysis ; Mixgraph exact-title search performed; no exact recording match for Spotify 7nhwdbIZnJBspw1L9KDT4W,0.64
spotify-1B1Ww52x3r3yH6mtAuhrie,122.0,F# minor,11A,0.67,afro,0.25,reset,Spotify public 30s preview: beat/chroma/HPSS/RMS/onset structural analysis ; Mixgraph exact-id: https://www.mixgraph.io/tracks/daytona-papele-extended-mix,0.9
spotify-70cLs3sjUFOKJroS191fgw,125.0,B minor,10A,0.375,afro,0.536,opener,Spotify public 30s preview: beat/chroma/HPSS/RMS/onset structural analysis ; Mixgraph exact-title search performed; no exact recording match for Spotify 70cLs3sjUFOKJroS191fgw,0.64
spotify-6cQZ6GKDkFDj0iGsjFfyq2,122.0,C minor,5A,0.633,afro,0.03,reset,Spotify public 30s preview: beat/chroma/HPSS/RMS/onset structural analysis ; Mixgraph exact-id: https://www.mixgraph.io/tracks/crisologo-shake,0.9
spotify-7GBhtxd4eVgA635ozUZSaj,122.0,E minor,9A,0.696,afro,0.455,reset,Spotify public 30s preview: beat/chroma/HPSS/RMS/onset structural analysis ; Mixgraph exact-title search performed; no exact recording match for Spotify 7GBhtxd4eVgA635ozUZSaj,0.64
spotify-1nsGJGpzFoD8O3CkeU8mpj,122.0,F# major,2B,0.795,techno,0.285,lifter,Spotify public 30s preview: beat/chroma/HPSS/RMS/onset structural analysis ; Mixgraph exact-id: https://www.mixgraph.io/tracks/danor-sueno,0.82
spotify-1B27a06OAQx7CS46plr5pU,125.0,F# minor,11A,0.665,afro,0.602,reset,Spotify public 30s preview: beat/chroma/HPSS/RMS/onset structural analysis ; Mixgraph exact-title search performed; no exact recording match for Spotify 1B27a06OAQx7CS46plr5pU,0.64
spotify-7Fr8keCD6Ixkd5XCpC6EUv,122.0,E major,12B,0.554,afro,0.632,reset,Spotify public 30s preview: beat/chroma/HPSS/RMS/onset structural analysis ; Mixgraph exact-title search performed; no exact recording match for Spotify 7Fr8keCD6Ixkd5XCpC6EUv,0.64
spotify-2a2PjEwfXJn861qHXzJQHh,117.0,F# minor,11A,0.319,afro,0.274,opener,Spotify public 30s preview: beat/chroma/HPSS/RMS/onset structural analysis ; Mixgraph exact-title search performed; no exact recording match for Spotify 2a2PjEwfXJn861qHXzJQHh,0.64
spotify-4U8vV8j993rpMdFn4dCn29,125.0,B minor,10A,0.724,techno,0.704,vocal,Spotify public 30s preview: beat/chroma/HPSS/RMS/onset structural analysis ; Mixgraph exact-title search performed; no exact recording match for Spotify 4U8vV8j993rpMdFn4dCn29,0.64
spotify-1eitq6c6J9H8GyJYQxq6h1,120.0,D minor,7A,0.695,techno,0.407,reset,Spotify public 30s preview: beat/chroma/HPSS/RMS/onset structural analysis ; Mixgraph exact-title search performed; no exact recording match for Spotify 1eitq6c6J9H8GyJYQxq6h1,0.64
spotify-5KhyfCzCrjGfCRKHruIUl7,120.0,G major,9B,0.543,techno,0.418,builder,Spotify public 30s preview: beat/chroma/HPSS/RMS/onset structural analysis ; Mixgraph exact-id: https://www.mixgraph.io/tracks/colbora-quiver,0.9
spotify-7crWP5nmpVQunuekqftSEr,123.0,E major,12B,0.876,afro,0.128,peak,Spotify public 30s preview: beat/chroma/HPSS/RMS/onset structural analysis ; Mixgraph exact-id: https://www.mixgraph.io/tracks/josef-schumacher-yapa-extended-mix,0.82
spotify-28HAfQASgRFtJiJO95P0RY,123.0,D minor,7A,0.721,afro,0.23,lifter,Spotify public 30s preview: beat/chroma/HPSS/RMS/onset structural analysis ; Mixgraph exact-id: https://www.mixgraph.io/tracks/afronom-senolo-extended-mix,0.9
spotify-0OhOvavl37Rul1t8TlBMcv,123.0,A minor,8A,0.428,afro,0.31,opener,Spotify public 30s preview: beat/chroma/HPSS/RMS/onset structural analysis ; Mixgraph exact-id: https://www.mixgraph.io/tracks/mydoz-need-u-extended-mix,0.9
spotify-5BhdMEXbQirRV4QYHoz96P,126.0,B minor,10A,0.41,tech-house,0.461,opener,Spotify public 30s preview: beat/chroma/HPSS/RMS/onset structural analysis ; Mixgraph exact-title search performed; no exact recording match for Spotify 5BhdMEXbQirRV4QYHoz96P,0.64
spotify-4OHTMdFofGPrSZJqKn4yBm,128.0,E major,12B,0.457,tech-house,0.255,opener,Spotify public 30s preview: beat/chroma/HPSS/RMS/onset structural analysis ; Mixgraph exact-title search performed; no exact recording match for Spotify 4OHTMdFofGPrSZJqKn4yBm,0.64
spotify-6oNdUnlUnXFDsiMY6yC1ti,123.0,F# minor,11A,0.662,house,0.268,reset,Spotify public 30s preview: beat/chroma/HPSS/RMS/onset structural analysis ; Mixgraph exact-title search performed; no exact recording match for Spotify 6oNdUnlUnXFDsiMY6yC1ti,0.64
spotify-5ARMoO6PMW5XzN00dwTYW2,120.0,F minor,4A,0.694,house,0.682,closer,Spotify public 30s preview: beat/chroma/HPSS/RMS/onset structural analysis ; Mixgraph exact-title search performed; no exact recording match for Spotify 5ARMoO6PMW5XzN00dwTYW2,0.64
spotify-28Dw5KTUvyauj8RZnc8r2N,125.0,D# major,5B,0.845,afro,0.521,peak,Spotify public 30s preview: beat/chroma/HPSS/RMS/onset structural analysis ; Mixgraph exact-title search performed; no exact recording match for Spotify 28Dw5KTUvyauj8RZnc8r2N,0.64
spotify-32Yqrfs4BwDhCmF78Y3he9,122.0,B minor,10A,0.488,afro,0.364,reset,Spotify public 30s preview: beat/chroma/HPSS/RMS/onset structural analysis ; Mixgraph exact-title search performed; no exact recording match for Spotify 32Yqrfs4BwDhCmF78Y3he9,0.64
spotify-200DiJQhDi69nkGXOrrJgn,120.0,E minor,9A,0.357,techno,0.458,opener,Spotify public 30s preview: beat/chroma/HPSS/RMS/onset structural analysis ; Mixgraph exact-id: https://www.mixgraph.io/tracks/me-the-rapture-ptiii,0.9
spotify-2GwsSbo6IbNDVvcm9rtmal,120.0,C major,8B,0.568,afro,0.164,reset,Spotify public 30s preview: beat/chroma/HPSS/RMS/onset structural analysis ; Mixgraph exact-id: https://www.mixgraph.io/tracks/rampa-say-what-feat-chuala,0.82
spotify-093uABBO0VQxuHUgr4na2C,112.0,B minor,10A,0.579,house,0.533,reset,Spotify public 30s preview: beat/chroma/HPSS/RMS/onset structural analysis ; Mixgraph exact-title search performed; no exact recording match for Spotify 093uABBO0VQxuHUgr4na2C,0.64
spotify-1de6YDcMK93DRCIv71DPYA,112.0,F minor,4A,0.57,house,0.502,reset,Spotify public 30s preview: beat/chroma/HPSS/RMS/onset structural analysis ; Mixgraph exact-title search performed; no exact recording match for Spotify 1de6YDcMK93DRCIv71DPYA,0.64
spotify-4JdJb1IvZ2AacLemLGonDy,124.0,F minor,4A,0.441,house,0.044,opener,Spotify public 30s preview: beat/chroma/HPSS/RMS/onset structural analysis ; Mixgraph same-recording: https://www.mixgraph.io/tracks/mizmo-hello-the-sun-is-up-where-are-you,0.74
spotify-72qknjLxZXE6iE6h27sIHY,125.0,F# minor,11A,0.52,house,0.095,builder,Spotify public 30s preview: beat/chroma/HPSS/RMS/onset structural analysis ; Mixgraph exact-id: https://www.mixgraph.io/tracks/khalid-nobody-make-me-feel,0.9
spotify-0l7cfP9dZBrkkNkR7NXnQO,126.0,D# major,5B,0.904,tech-house,0.321,peak,Spotify public 30s preview: beat/chroma/HPSS/RMS/onset structural analysis ; Mixgraph exact-title search performed; no exact recording match for Spotify 0l7cfP9dZBrkkNkR7NXnQO ; manual conflict resolution: https://www.beatport.com/track/gimme-that-bounce/17394497 | https://www.mixgraph.io/tracks/mau-p-gimme-that-bounce,0.86
spotify-10pfamFYvg5ftwq6rGJrWx,131.0,G# major,4B,0.431,tech-house,0.278,opener,Spotify public 30s preview: beat/chroma/HPSS/RMS/onset structural analysis ; Mixgraph exact-title search performed; no exact recording match for Spotify 10pfamFYvg5ftwq6rGJrWx,0.64
spotify-3DqOJ2BoddzZpNdty3okJH,127.0,G minor,6A,0.552,tech-house,0.303,reset,Spotify public 30s preview: beat/chroma/HPSS/RMS/onset structural analysis ; Mixgraph exact-id: https://www.mixgraph.io/tracks/ayybo-rizz-extended-mix,0.82
spotify-6KrrcOQiX7NQ4h038wKTUy,129.0,B minor,10A,0.729,tech-house,0.296,lifter,Spotify public 30s preview: beat/chroma/HPSS/RMS/onset structural analysis ; Mixgraph exact-id: https://www.mixgraph.io/tracks/mau-p-neck-extended-mix,0.82
spotify-0PaZ052mHgQ1Ky2uDoa6Tr,120.0,D major,10B,0.503,afro,0.564,reset,Spotify public 30s preview: beat/chroma/HPSS/RMS/onset structural analysis ; Mixgraph exact-title search performed; no exact recording match for Spotify 0PaZ052mHgQ1Ky2uDoa6Tr,0.64
spotify-0tlAgfYIDCcJ3qxP9nzmHE,123.0,F# minor,11A,0.331,afro,0.524,opener,Spotify public 30s preview: beat/chroma/HPSS/RMS/onset structural analysis ; Mixgraph exact-title search performed; no exact recording match for Spotify 0tlAgfYIDCcJ3qxP9nzmHE,0.64
spotify-1WEvnyNP1MxPnMsYqFd3dk,120.0,F minor,4A,0.451,afro,0.264,opener,Spotify public 30s preview: beat/chroma/HPSS/RMS/onset structural analysis ; Mixgraph exact-title search performed; no exact recording match for Spotify 1WEvnyNP1MxPnMsYqFd3dk,0.64
spotify-1YH2pK01IAb9S7JiKT1MPu,122.0,F# minor,11A,0.829,afro,0.591,peak,Spotify public 30s preview: beat/chroma/HPSS/RMS/onset structural analysis ; Mixgraph exact-title search performed; no exact recording match for Spotify 1YH2pK01IAb9S7JiKT1MPu,0.64
spotify-2aTHmDr4tQkdJmVPJyfmgL,117.0,B major,1B,0.728,afro,0.547,lifter,Spotify public 30s preview: beat/chroma/HPSS/RMS/onset structural analysis ; Mixgraph exact-title search performed; no exact recording match for Spotify 2aTHmDr4tQkdJmVPJyfmgL,0.64
spotify-3Bnc1jf9daAooE7dfYZkV4,117.0,C# major,3B,0.537,afro,0.436,reset,Spotify public 30s preview: beat/chroma/HPSS/RMS/onset structural analysis ; Mixgraph exact-title search performed; no exact recording match for Spotify 3Bnc1jf9daAooE7dfYZkV4,0.64
spotify-3CGJ2KUaPOprDlKz9XgiF7,122.0,D# minor,2A,0.51,afro,0.625,reset,Spotify public 30s preview: beat/chroma/HPSS/RMS/onset structural analysis ; Mixgraph exact-title search performed; no exact recording match for Spotify 3CGJ2KUaPOprDlKz9XgiF7,0.64
spotify-3dXrYAexwAonlygTs1cDOn,122.0,D major,10B,0.466,afro,0.594,reset,Spotify public 30s preview: beat/chroma/HPSS/RMS/onset structural analysis ; Mixgraph exact-title search performed; no exact recording match for Spotify 3dXrYAexwAonlygTs1cDOn,0.64
spotify-6M7jWqrOtwMxycjbYXhipu,120.0,G# minor,1A,0.609,afro,0.173,reset,Spotify public 30s preview: beat/chroma/HPSS/RMS/onset structural analysis ; Mixgraph exact-id: https://www.mixgraph.io/tracks/heliograph-love-everything-you-do,0.9
spotify-7LapSXUTWUXy5r55fSi9gf,120.0,F# minor,11A,0.533,afro,0.511,reset,Spotify public 30s preview: beat/chroma/HPSS/RMS/onset structural analysis ; Mixgraph exact-title search performed; no exact recording match for Spotify 7LapSXUTWUXy5r55fSi9gf,0.64
spotify-7uS9LjYK2CV7WGWj44tYV7,126.0,D major,10B,0.598,afro,0.621,reset,Spotify public 30s preview: beat/chroma/HPSS/RMS/onset structural analysis ; Mixgraph exact-title search performed; no exact recording match for Spotify 7uS9LjYK2CV7WGWj44tYV7,0.64
spotify-21fAjb3K01LujY841IMbtA,123.0,C minor,5A,0.53,techno,0.05,reset,Spotify public 30s preview: beat/chroma/HPSS/RMS/onset structural analysis ; Mixgraph exact-id: https://www.mixgraph.io/tracks/enai-ira-yubik-remix,0.9
spotify-22LA2VZOMM5TEFA7yu1o9B,125.0,D minor,7A,0.906,techno,0.388,peak,Spotify public 30s preview: beat/chroma/HPSS/RMS/onset structural analysis ; Mixgraph exact-title search performed; no exact recording match for Spotify 22LA2VZOMM5TEFA7yu1o9B,0.64
spotify-30Z6Dp5Ddy6FN3xjm1XXLS,132.0,D# major,5B,0.649,techno,0.189,reset,Spotify public 30s preview: beat/chroma/HPSS/RMS/onset structural analysis ; Mixgraph exact-id: https://www.mixgraph.io/tracks/argy-dona,0.9
spotify-3s7tZDGRWJ4wL8x9na9MKE,120.0,B minor,10A,0.589,techno,0.511,bridge,Spotify public 30s preview: beat/chroma/HPSS/RMS/onset structural analysis ; Mixgraph exact-id: https://www.mixgraph.io/tracks/ontonic-dream,0.82
spotify-6n9Nhx5nhAPrsnjQpL8zna,130.0,G minor,6A,0.714,techno,0.578,lifter,Spotify public 30s preview: beat/chroma/HPSS/RMS/onset structural analysis ; Mixgraph exact-title search performed; no exact recording match for Spotify 6n9Nhx5nhAPrsnjQpL8zna ; manual conflict resolution: https://www.beatport.com/track/giza/26747145 | Spotify public preview analysis,0.86
spotify-6u5uJUkN4Virf2lLxRCcve,120.0,F# major,2B,0.394,techno,0.277,opener,Spotify public 30s preview: beat/chroma/HPSS/RMS/onset structural analysis ; Mixgraph exact-id: https://www.mixgraph.io/tracks/ontonic-universe,0.82
spotify-2da0QdMmeCnZURi2Pdy2Sj,120.0,G minor,6A,0.842,afro,0.801,vocal,Spotify public 30s preview: beat/chroma/HPSS/RMS/onset structural analysis ; Mixgraph exact-title search performed; no exact recording match for Spotify 2da0QdMmeCnZURi2Pdy2Sj,0.64
spotify-2yejwvLnmVFtwrMQlaRWgP,120.0,F# major,2B,0.844,afro,0.353,peak,Spotify public 30s preview: beat/chroma/HPSS/RMS/onset structural analysis ; Mixgraph exact-id: https://www.mixgraph.io/tracks/hotlap-el-dorado,0.82
spotify-5jpXBy9DB4kbuNLwGceYOy,122.0,F# major,2B,0.657,afro,0.763,vocal,Spotify public 30s preview: beat/chroma/HPSS/RMS/onset structural analysis ; Mixgraph exact-title search performed; no exact recording match for Spotify 5jpXBy9DB4kbuNLwGceYOy,0.64
spotify-0G6r9pghzSm8gGfgV64pHn,132.0,A# minor,3A,0.239,techno,0.578,opener,Spotify public 30s preview: beat/chroma/HPSS/RMS/onset structural analysis ; Mixgraph exact-title search performed; no exact recording match for Spotify 0G6r9pghzSm8gGfgV64pHn,0.64
spotify-1GBBbKOarAJ38HwIfLcOji,127.0,C major,8B,0.835,techno,0.422,peak,Spotify public 30s preview: beat/chroma/HPSS/RMS/onset structural analysis ; Mixgraph exact-id: https://www.mixgraph.io/tracks/chris-avantgarde-eternity-massano-remix-extended-mix,0.9
spotify-6mAIXsvt8eEIKSskw3YPth,125.0,D minor,7A,0.529,techno,0.172,reset,Spotify public 30s preview: beat/chroma/HPSS/RMS/onset structural analysis ; Mixgraph exact-id: https://www.mixgraph.io/tracks/anyma-hypnotized,0.82
spotify-6XqcxYifLCONJ1UWIX6HHZ,126.0,E minor,9A,0.531,techno,0.673,vocal,Spotify public 30s preview: beat/chroma/HPSS/RMS/onset structural analysis ; Mixgraph exact-title search performed; no exact recording match for Spotify 6XqcxYifLCONJ1UWIX6HHZ,0.64
spotify-7KxCyR3pCUqH136EvCDMun,128.0,E minor,9A,0.74,techno,0.543,lifter,Spotify public 30s preview: beat/chroma/HPSS/RMS/onset structural analysis ; Mixgraph exact-title search performed; no exact recording match for Spotify 7KxCyR3pCUqH136EvCDMun,0.64
spotify-5z9gPjsnHWvSj6F8rP50Pu,123.0,F# minor,11A,0.52,afro,0.327,reset,Spotify public 30s preview: beat/chroma/HPSS/RMS/onset structural analysis ; Mixgraph exact-title search performed; no exact recording match for Spotify 5z9gPjsnHWvSj6F8rP50Pu,0.64
spotify-4dJVDcdrTwB0sDBbw4TfXR,129.0,D# major,5B,0.731,techno,0.32,lifter,Spotify public 30s preview: beat/chroma/HPSS/RMS/onset structural analysis ; Mixgraph exact-id: https://www.mixgraph.io/tracks/argy-window-shake,0.82
spotify-0Qp3W3eVtMJstjG8wOGYTY,123.0,D# minor,2A,0.533,afro,0.313,reset,Spotify public 30s preview: beat/chroma/HPSS/RMS/onset structural analysis ; Mixgraph exact-id: https://www.mixgraph.io/tracks/lews-you-extended-mix,0.9
spotify-35dt2bP4CcBzepyufQbvYZ,125.0,G minor,6A,0.573,afro,0.332,reset,Spotify public 30s preview: beat/chroma/HPSS/RMS/onset structural analysis ; Mixgraph exact-id: https://www.mixgraph.io/tracks/shimza-fire-fire-extended-mix,0.9
spotify-3hH3ypxqE0JwYq4mfyYmlD,120.0,A# minor,3A,0.404,afro,0.334,opener,Spotify public 30s preview: beat/chroma/HPSS/RMS/onset structural analysis ; Mixgraph exact-id: https://www.mixgraph.io/tracks/nico-santos-body-extended-mix,0.9
spotify-3oKi7Fp9JhDLTKaW6fZLwO,133.0,E minor,9A,0.743,afro,0.684,vocal,Spotify public 30s preview: beat/chroma/HPSS/RMS/onset structural analysis ; Mixgraph exact-title search performed; no exact recording match for Spotify 3oKi7Fp9JhDLTKaW6fZLwO,0.64
spotify-3VXJln5ZvlvzbsjJFhRhZE,120.0,G# minor,1A,0.445,afro,0.182,opener,Spotify public 30s preview: beat/chroma/HPSS/RMS/onset structural analysis ; Mixgraph exact-id: https://www.mixgraph.io/tracks/daytona-addicted-feat-timid-extended-mix,0.9
spotify-4zBLxrB4WI9tu7wO9PIJM3,123.0,G# minor,1A,0.613,tribal,0.04,reset,Spotify public 30s preview: beat/chroma/HPSS/RMS/onset structural analysis ; Mixgraph exact-title search performed; no exact recording match for Spotify 4zBLxrB4WI9tu7wO9PIJM3,0.64
spotify-5ZUIPLoTLJZrPQh2kFZEUM,120.0,F minor,4A,0.701,techno,0.189,closer,Spotify public 30s preview: beat/chroma/HPSS/RMS/onset structural analysis ; Mixgraph exact-id: https://www.mixgraph.io/tracks/ink-addicted,0.9
spotify-0LGUxRAobq2shxKN3xtnMJ,117.0,F# minor,11A,0.507,afro,0.461,reset,Spotify public 30s preview: beat/chroma/HPSS/RMS/onset structural analysis ; Mixgraph exact-title search performed; no exact recording match for Spotify 0LGUxRAobq2shxKN3xtnMJ,0.64
spotify-0ntYber3YdK1ESxE9LiXoc,120.0,G# minor,1A,0.489,afro,0.176,reset,Spotify public 30s preview: beat/chroma/HPSS/RMS/onset structural analysis ; Mixgraph same-recording: https://www.mixgraph.io/tracks/adam-port-move-feat-malachiii,0.74
spotify-2D9coh76MCXNqDEUCHl5vl,118.0,G# minor,1A,0.492,afro,0.03,reset,Spotify public 30s preview: beat/chroma/HPSS/RMS/onset structural analysis ; Mixgraph exact-id: https://www.mixgraph.io/tracks/russi-awgazi-extended-mix,0.82
spotify-418UFQyQAk6qukmov5uHlr,120.0,C# major,3B,0.695,afro,0.403,reset,Spotify public 30s preview: beat/chroma/HPSS/RMS/onset structural analysis ; Mixgraph exact-title search performed; no exact recording match for Spotify 418UFQyQAk6qukmov5uHlr,0.64
spotify-5nPbKG04fhLkIAjcPFaZq7,120.0,B minor,10A,0.714,afro,0.223,lifter,Spotify public 30s preview: beat/chroma/HPSS/RMS/onset structural analysis ; Mixgraph exact-id: https://www.mixgraph.io/tracks/hugel-i-adore-you-extended-mix,0.82
spotify-76952ZbAHlgMqrIEMqYkgB,101.0,G# minor,1A,0.429,afro,0.104,opener,Spotify public 30s preview: beat/chroma/HPSS/RMS/onset structural analysis ; Mixgraph same-recording: https://www.mixgraph.io/tracks/mikeeysmind-papaoutai-afro-soul ; manual conflict resolution: https://songbpm.com/%40mikeeysmind/papaoutai-afro-soul-ezdtd | https://trackify.am/track/76952ZbAHlgMqrIEMqYkgB/tempo,0.86
spotify-7BM311QgIRlXRTZsPCIsQP,120.0,G# minor,1A,0.476,afro,0.52,builder,Spotify public 30s preview: beat/chroma/HPSS/RMS/onset structural analysis ; Mixgraph exact-title search performed; no exact recording match for Spotify 7BM311QgIRlXRTZsPCIsQP,0.64
spotify-0KVxwBlnjoxP9BOnZ4OfHo,120.0,G minor,6A,0.485,afro,0.62,reset,Spotify public 30s preview: beat/chroma/HPSS/RMS/onset structural analysis ; Mixgraph exact-title search performed; no exact recording match for Spotify 0KVxwBlnjoxP9BOnZ4OfHo,0.64
spotify-0smB5zD5CJYMtdXvS2qS5A,120.0,E minor,9A,0.464,afro,0.581,reset,Spotify public 30s preview: beat/chroma/HPSS/RMS/onset structural analysis ; Mixgraph exact-title search performed; no exact recording match for Spotify 0smB5zD5CJYMtdXvS2qS5A,0.64
spotify-1lIT2ZiOQetROcnkCRK4pf,125.0,C# major,3B,0.643,afro,0.516,reset,Spotify public 30s preview: beat/chroma/HPSS/RMS/onset structural analysis ; Mixgraph exact-title search performed; no exact recording match for Spotify 1lIT2ZiOQetROcnkCRK4pf,0.64
spotify-1o9D0rUusi2V5idyOEOPII,126.0,A minor,8A,0.853,afro,0.697,vocal,Spotify public 30s preview: beat/chroma/HPSS/RMS/onset structural analysis ; Mixgraph exact-title search performed; no exact recording match for Spotify 1o9D0rUusi2V5idyOEOPII,0.64
spotify-2jWZ9NZotZb2hN5obKx2FA,120.0,G minor,6A,0.565,afro,0.359,reset,Spotify public 30s preview: beat/chroma/HPSS/RMS/onset structural analysis ; Mixgraph exact-id: https://www.mixgraph.io/tracks/preston-harris-loosen-up-extended-mix,0.9
spotify-4hC6vZO3aw9SlsmMboQVJE,117.0,D# minor,2A,0.623,afro,0.387,reset,Spotify public 30s preview: beat/chroma/HPSS/RMS/onset structural analysis ; Mixgraph exact-title search performed; no exact recording match for Spotify 4hC6vZO3aw9SlsmMboQVJE,0.64
spotify-62zDU1uPbP5VzM1QEgPnae,120.0,C# major,3B,0.52,afro,0.512,reset,Spotify public 30s preview: beat/chroma/HPSS/RMS/onset structural analysis ; Mixgraph exact-title search performed; no exact recording match for Spotify 62zDU1uPbP5VzM1QEgPnae,0.64
spotify-0bruK7CIEhyQO8tzeRTnjg,122.0,F# major,2B,0.802,techno,0.228,peak,Spotify public 30s preview: beat/chroma/HPSS/RMS/onset structural analysis ; Mixgraph exact-id: https://www.mixgraph.io/tracks/hotlap-waitin-extended-mix,0.82
spotify-2bR6kl5tv8SU8Ps0mrH8Wy,120.0,F minor,4A,0.597,afro,0.213,bridge,Spotify public 30s preview: beat/chroma/HPSS/RMS/onset structural analysis ; Mixgraph exact-id: https://www.mixgraph.io/tracks/malou-feel-the-love-hotlap-extended-remix,0.82
spotify-4gACQVwjtFrI0NdK5n4idc,122.0,G# minor,1A,0.685,afro,0.362,bridge,Spotify public 30s preview: beat/chroma/HPSS/RMS/onset structural analysis ; Mixgraph exact-id: https://www.mixgraph.io/tracks/touzani-lets-work-extended-mix,0.9
spotify-54LuSuR8NpNvmqL8VohoUy,124.0,F# major,2B,0.742,techno,0.345,lifter,Spotify public 30s preview: beat/chroma/HPSS/RMS/onset structural analysis ; Mixgraph exact-id: https://www.mixgraph.io/tracks/hotlap-sunbeam,0.82
spotify-5JT9hOxKU03tW2VA80Q8X7,124.0,E minor,9A,0.765,afro,0.383,lifter,Spotify public 30s preview: beat/chroma/HPSS/RMS/onset structural analysis ; Mixgraph exact-id: https://www.mixgraph.io/tracks/bletter-hey-mama-extended-mix,0.82
spotify-0V9raTkW24E3mrf7ZemeNB,122.0,G major,9B,0.489,afro,0.465,reset,Spotify public 30s preview: beat/chroma/HPSS/RMS/onset structural analysis ; Mixgraph exact-title search performed; no exact recording match for Spotify 0V9raTkW24E3mrf7ZemeNB,0.64
spotify-1wOdMqYDHqILKGco6AbKdB,124.0,D major,10B,0.752,techno,0.227,lifter,Spotify public 30s preview: beat/chroma/HPSS/RMS/onset structural analysis ; Mixgraph exact-id: https://www.mixgraph.io/tracks/pole-position-touch-me-hotlap-remix,0.9
spotify-1wWXUVWny5JJHxMvsAjAxD,120.0,E major,12B,0.661,techno,0.425,reset,Spotify public 30s preview: beat/chroma/HPSS/RMS/onset structural analysis ; Mixgraph exact-id: https://www.mixgraph.io/tracks/hotlap-commas,0.82
spotify-2KuQ9Au4R0WasDJ8fDRHxT,122.0,D# major,5B,0.786,techno,0.253,lifter,Spotify public 30s preview: beat/chroma/HPSS/RMS/onset structural analysis ; Mixgraph exact-id: https://www.mixgraph.io/tracks/hotlap-shelter-extended-mix,0.82
spotify-6VSPib5LDroLjQXXVk50gd,126.0,D major,10B,0.905,afro,0.419,peak,Spotify public 30s preview: beat/chroma/HPSS/RMS/onset structural analysis ; Mixgraph exact-title search performed; no exact recording match for Spotify 6VSPib5LDroLjQXXVk50gd,0.64
spotify-7k0kq03bs3micRAVvYgzg8,125.0,G major,9B,0.618,house,0.314,reset,Spotify public 30s preview: beat/chroma/HPSS/RMS/onset structural analysis ; Mixgraph exact-id: https://www.mixgraph.io/tracks/shells-you-i-feat-shells-extended,0.82
spotify-45cq4eLrpEyFbsa75bLteB,122.0,G minor,6A,0.709,afro,0.629,lifter,Spotify public 30s preview: beat/chroma/HPSS/RMS/onset structural analysis ; Mixgraph exact-title search performed; no exact recording match for Spotify 45cq4eLrpEyFbsa75bLteB,0.64
spotify-6jkHEZaCSCOQ7M7Cwnw91Q,120.0,A minor,8A,0.284,afro,0.491,opener,Spotify public 30s preview: beat/chroma/HPSS/RMS/onset structural analysis ; Mixgraph exact-title search performed; no exact recording match for Spotify 6jkHEZaCSCOQ7M7Cwnw91Q,0.64
spotify-6nuH5zRlWzuzZr9fA4IcpY,124.0,F# major,2B,0.719,afro,0.135,lifter,Spotify public 30s preview: beat/chroma/HPSS/RMS/onset structural analysis ; Mixgraph exact-id: https://www.mixgraph.io/tracks/david-eusse-no-more,0.82
spotify-70OtvVapZmDucK1owYRf3Z,120.0,F minor,4A,0.888,afro,0.43,peak,Spotify public 30s preview: beat/chroma/HPSS/RMS/onset structural analysis ; Mixgraph exact-title search performed; no exact recording match for Spotify 70OtvVapZmDucK1owYRf3Z,0.64
spotify-7dDoLRPOgIdxDPN60P5vR2,123.0,D major,10B,0.785,afro,0.061,lifter,Spotify public 30s preview: beat/chroma/HPSS/RMS/onset structural analysis ; Mixgraph exact-title search performed; no exact recording match for Spotify 7dDoLRPOgIdxDPN60P5vR2,0.64
spotify-2dyfnrBpCyinfhdZN4IsF3,124.0,G minor,6A,0.742,afro,0.186,lifter,Spotify public 30s preview: beat/chroma/HPSS/RMS/onset structural analysis ; Mixgraph exact-id: https://www.mixgraph.io/tracks/blackbird-pull-out-the-fire,0.9
spotify-0wGlXAZU2OQlOiCghAOCqm,132.0,F minor,4A,0.341,techno,0.855,vocal,Spotify public 30s preview: beat/chroma/HPSS/RMS/onset structural analysis ; Mixgraph exact-title search performed; no exact recording match for Spotify 0wGlXAZU2OQlOiCghAOCqm,0.64
spotify-1UhzFALHc9kjh3UqRJjR02,127.0,D major,10B,0.545,techno,0.397,builder,Spotify public 30s preview: beat/chroma/HPSS/RMS/onset structural analysis ; Mixgraph exact-id: https://www.mixgraph.io/tracks/argy-wind,0.82
spotify-4G6RcByL6hwtBJdhJDniFf,128.0,C minor,5A,0.534,techno,0.237,builder,Spotify public 30s preview: beat/chroma/HPSS/RMS/onset structural analysis ; Mixgraph exact-id: https://www.mixgraph.io/tracks/argy-mantra-extended-mix,0.9
spotify-3AjSfp5FDvwtMU9XBsbS8j,150.0,G major,9B,0.753,techno,0.455,lifter,Spotify public 30s preview: beat/chroma/HPSS/RMS/onset structural analysis ; Mixgraph exact-title search performed; no exact recording match for Spotify 3AjSfp5FDvwtMU9XBsbS8j ; manual conflict resolution: https://music.toolstud.io/tracks/bd32-162c/push-up-main-edit | Spotify public preview analysis,0.86
spotify-09CnYHiZ5jGT1wr1TXJ9Zt,150.0,G# minor,1A,0.814,techno,0.287,peak,Spotify public 30s preview: beat/chroma/HPSS/RMS/onset structural analysis ; Mixgraph exact-id: https://www.mixgraph.io/tracks/tiesto-thank-you-not-so-bad,0.82
spotify-25V0TNA8cZLVzLQpHa6rB1,125.0,F minor,4A,0.796,techno,0.44,lifter,Spotify public 30s preview: beat/chroma/HPSS/RMS/onset structural analysis ; Mixgraph exact-title search performed; no exact recording match for Spotify 25V0TNA8cZLVzLQpHa6rB1,0.64
spotify-1KOTY2OVnEgua9eY76WxvT,148.0,G minor,6A,0.611,techno,0.03,reset,Spotify public 30s preview: beat/chroma/HPSS/RMS/onset structural analysis ; Mixgraph exact-id: https://www.mixgraph.io/tracks/funk-tribu-azul-extended-mix,0.9
spotify-5e4II0hLokRNiw4q2uHeL8,154.0,F minor,4A,0.634,techno,0.312,reset,Spotify public 30s preview: beat/chroma/HPSS/RMS/onset structural analysis ; Mixgraph exact-id: https://www.mixgraph.io/tracks/nico-moreno-better-with-you ; manual conflict resolution: https://www.beatport.com/artist/nico-moreno/665892/tracks | Spotify public preview onset analysis (154 BPM double-time grid),0.86
spotify-5JUOGoWTvUtTdedxOjTZ08,128.0,E major,12B,0.289,techno,0.489,opener,Spotify public 30s preview: beat/chroma/HPSS/RMS/onset structural analysis ; Mixgraph exact-title search performed; no exact recording match for Spotify 5JUOGoWTvUtTdedxOjTZ08,0.64
spotify-6ho0GyrWZN3mhi9zVRW7xi,125.0,G major,9B,0.79,tech-house,0.316,lifter,Spotify public 30s preview: beat/chroma/HPSS/RMS/onset structural analysis ; Mixgraph exact-title search performed; no exact recording match for Spotify 6ho0GyrWZN3mhi9zVRW7xi ; manual conflict resolution: https://www.beatport.com/track/losing-it/10766349 | https://www.mixgraph.io/tracks/fisher-losing-it,0.86
spotify-5hmcw6bW5V24CvJqsz87We,123.0,G minor,6A,0.679,house,0.337,reset,Spotify public 30s preview: beat/chroma/HPSS/RMS/onset structural analysis ; Mixgraph exact-id: https://www.mixgraph.io/tracks/diplo-on-my-mind-purple-disco-machine-remix-extended,0.9
spotify-5PL7k9QH7Kj7B4527dHvon,124.0,B major,1B,0.735,afro,0.381,lifter,Spotify public 30s preview: beat/chroma/HPSS/RMS/onset structural analysis ; Mixgraph exact-id: https://www.mixgraph.io/tracks/hugel-la-verdolaga-feat-tot-la-momposina-extended-mix,0.82
spotify-5nZ9KC7vuQe8vy7N3M5YXj,130.0,D minor,7A,0.658,tech-house,0.089,reset,Spotify public 30s preview: beat/chroma/HPSS/RMS/onset structural analysis ; Mixgraph exact-id: https://www.mixgraph.io/tracks/juos-dile,0.82
spotify-3szSyYRapmpvq9UKU3drwy,123.0,C# major,3B,0.597,afro,0.331,reset,Spotify public 30s preview: beat/chroma/HPSS/RMS/onset structural analysis ; Mixgraph exact-title search performed; no exact recording match for Spotify 3szSyYRapmpvq9UKU3drwy,0.64
spotify-2SYt3HZ7dZ8EyvvrsJBrS6,125.0,A minor,8A,0.551,tech-house,0.226,reset,Spotify public 30s preview: beat/chroma/HPSS/RMS/onset structural analysis ; Mixgraph exact-title search performed; no exact recording match for Spotify 2SYt3HZ7dZ8EyvvrsJBrS6,0.64
spotify-3fwmJrwHkJrUcybkmTU8pd,128.0,D major,10B,0.652,house,0.243,reset,Spotify public 30s preview: beat/chroma/HPSS/RMS/onset structural analysis ; Mixgraph exact-id: https://www.mixgraph.io/tracks/reebs-shingaling-shingaling-extended-mix,0.82
spotify-46d9wSmQTSyBrJKQ9YwNHb,129.0,F# minor,11A,0.62,tech-house,0.658,vocal,Spotify public 30s preview: beat/chroma/HPSS/RMS/onset structural analysis ; Mixgraph exact-title search performed; no exact recording match for Spotify 46d9wSmQTSyBrJKQ9YwNHb,0.64
spotify-4FHXsehfIbyPCJLP7fCnIF,125.0,G minor,6A,0.922,tech-house,0.743,closer,Spotify public 30s preview: beat/chroma/HPSS/RMS/onset structural analysis ; Mixgraph exact-title search performed; no exact recording match for Spotify 4FHXsehfIbyPCJLP7fCnIF,0.64
spotify-7DxrTNmUprBMQ0RV45xreb,126.0,G major,9B,0.6,tech-house,0.224,reset,Spotify public 30s preview: beat/chroma/HPSS/RMS/onset structural analysis ; Mixgraph exact-id: https://www.mixgraph.io/tracks/toman-verano-en-ny,0.82
spotify-0FIAB3qd9n8Va9rhmRjteH,125.0,C# major,3B,0.701,afro,0.607,bridge,Spotify public 30s preview: beat/chroma/HPSS/RMS/onset structural analysis ; Mixgraph exact-title search performed; no exact recording match for Spotify 0FIAB3qd9n8Va9rhmRjteH,0.64
spotify-3wlEt7tgbcyowpdlcnCwfz,122.0,D minor,7A,0.465,afro,0.66,closer,Spotify public 30s preview: beat/chroma/HPSS/RMS/onset structural analysis ; Mixgraph exact-id: https://www.mixgraph.io/tracks/francis-mercier-sauti,0.82
spotify-5Lm6Vl5RjOF77si7Tv5Usz,125.0,B major,1B,0.525,afro,0.414,reset,Spotify public 30s preview: beat/chroma/HPSS/RMS/onset structural analysis ; Mixgraph exact-id: https://www.mixgraph.io/tracks/martina-camargo-tambora-extended-mix,0.82
spotify-5XOzAn4HqJDrjDHt65rt7L,122.0,A# minor,3A,0.701,afro,0.203,bridge,Spotify public 30s preview: beat/chroma/HPSS/RMS/onset structural analysis ; Mixgraph exact-id: https://www.mixgraph.io/tracks/raffa-guido-bailalo-extended-mix,0.9
spotify-6rR9j58vyiStN9CefIGVm7,122.0,E minor,9A,0.552,afro,0.224,reset,Spotify public 30s preview: beat/chroma/HPSS/RMS/onset structural analysis ; Mixgraph exact-id: https://www.mixgraph.io/tracks/dennis-cartier-mi-alma-extended-mix,0.9
spotify-7IUGkB1cmE78vv9wlYtfER,125.0,A minor,8A,0.325,afro,0.514,opener,Spotify public 30s preview: beat/chroma/HPSS/RMS/onset structural analysis ; Mixgraph exact-title search performed; no exact recording match for Spotify 7IUGkB1cmE78vv9wlYtfER,0.64
spotify-6SeZObDDZZiJmzY4qgfh57,125.0,F# minor,11A,0.505,house,0.129,builder,Spotify public 30s preview: beat/chroma/HPSS/RMS/onset structural analysis ; Mixgraph exact-id: https://www.mixgraph.io/tracks/illyus-barrientos-capitale-extended-mix,0.82
spotify-7e9eZ3JJ0JPkfNNrLsWBt5,125.0,F# major,2B,0.392,house,0.561,opener,Spotify public 30s preview: beat/chroma/HPSS/RMS/onset structural analysis ; Mixgraph exact-title search performed; no exact recording match for Spotify 7e9eZ3JJ0JPkfNNrLsWBt5,0.64
spotify-7q7xQ91AWU1PFni84RznU9,126.0,G major,9B,0.355,house,0.095,opener,Spotify public 30s preview: beat/chroma/HPSS/RMS/onset structural analysis ; Mixgraph exact-title search performed; no exact recording match for Spotify 7q7xQ91AWU1PFni84RznU9,0.64
spotify-2NPOfAcuPVBilgRETr0qJq,133.0,C# minor,12A,0.336,techno,0.499,opener,Spotify public 30s preview: beat/chroma/HPSS/RMS/onset structural analysis ; Mixgraph exact-title search performed; no exact recording match for Spotify 2NPOfAcuPVBilgRETr0qJq,0.64
spotify-5PI6kX5XDbiLsTjX7qJjE2,132.0,A# minor,3A,0.504,techno,0.213,reset,Spotify public 30s preview: beat/chroma/HPSS/RMS/onset structural analysis ; Mixgraph exact-id: https://www.mixgraph.io/tracks/james-carter-dont-wake-us-up-extended-mix,0.82
spotify-1dZufI94FSPvNcHzbr0nT2,128.0,E minor,9A,0.641,techno,0.602,reset,Spotify public 30s preview: beat/chroma/HPSS/RMS/onset structural analysis ; Mixgraph exact-title search performed; no exact recording match for Spotify 1dZufI94FSPvNcHzbr0nT2,0.64
spotify-55Zql8avsQO7zPiBqJvFAI,138.0,B minor,10A,0.377,house,0.705,vocal,Spotify public 30s preview: beat/chroma/HPSS/RMS/onset structural analysis ; Mixgraph exact-title search performed; no exact recording match for Spotify 55Zql8avsQO7zPiBqJvFAI,0.64
