track_id,spotify_id,title,artist,matched,identity_match,source_spotify_id,source_url,bpm,camelot,key_number,mode,energy,danceability,valence,instrumentalness,drive,groove,brightness,warmth,bass_weight,percussive_ratio,genres,duration_ms,search_match_type
spotify-2KVAO2OAH6a9Tr2DqYL65g,2KVAO2OAH6a9Tr2DqYL65g,CORAÇAO - 20th Anniversary Mix,"Jerry Ropero, HUGEL, Mijangos, Jesús Fernández",true,exact-id,2KVAO2OAH6a9Tr2DqYL65g,https://www.mixgraph.io/tracks/jerry-ropero-coraao-20th-anniversary-mix,126,11A,6,0,0.677516962,0.8212783,0.467230844,0.88833839,0.528763,0.854861,0.74213,0.266518,0.883269,0.425297,Afro House,312380,strong
spotify-4G5vEpp26cEIj9FnVYft8i,4G5vEpp26cEIj9FnVYft8i,Move In Time,"Moeaike, Picca & Mars",true,exact-id,4G5vEpp26cEIj9FnVYft8i,https://www.mixgraph.io/tracks/picca-mars-move-in-time,123,9A,4,0,0.61720239,0.681989313,0.46371093,0.730618675,0.507533,0.805402,0.611558,0.278364,0.887056,0.402705,Melodic House & Techno,339540,strong
spotify-7M4GUQ0CZU5A9CO2hkadG4,7M4GUQ0CZU5A9CO2hkadG4,Blue Berries,"Sem Jacobs, Tagmann",true,exact-id,7M4GUQ0CZU5A9CO2hkadG4,https://www.mixgraph.io/tracks/sem-jacobs-blue-berries-extended-mix,128,8B,0,1,0.729797132,0.78323258,0.459641235,0.99659661,0.695276,0.908791,0.808037,0.231739,0.836987,0.455098,House,377000,strong
spotify-6ms1mOmSxRvNsZ7ZcpONmC,6ms1mOmSxRvNsZ7ZcpONmC,With You,"LEWS, Steve N, Major League Djz, Untitled Audio",true,exact-id,6ms1mOmSxRvNsZ7ZcpONmC,https://www.mixgraph.io/tracks/steve-n-with-you-extended-mix,120,9A,4,0,0.64689222,0.75954848,0.408670306,0.752532499,0.51732,0.887594,0.457089,0.219603,0.928155,0.400157,Afro House,287875,strong
spotify-0TONQ6PLt48eBp5yzh7Of3,0TONQ6PLt48eBp5yzh7Of3,Fuma Ya,"Ucha, Chris Leon",true,exact-id,0TONQ6PLt48eBp5yzh7Of3,https://www.mixgraph.io/tracks/ucha-fuma-ya-extended,121,5A,0,0,0.492856383,0.834231218,0.449515086,1,0.539349,0.912176,0.55762,0.312326,0.96453,0.426464,Afro House,294496,strong
spotify-5QwJtoSfJqEPHlNCm46uex,5QwJtoSfJqEPHlNCm46uex,A Gira,unfazed,true,exact-id,5QwJtoSfJqEPHlNCm46uex,https://www.mixgraph.io/tracks/unfazed-a-gira-extended-mix,122,3B,1,1,0.553432041,0.824495435,0.495479907,0.840427976,0.490514,0.857439,0.504299,0.493059,0.863467,0.430948,Afro House,354120,strong
spotify-4evs5hmj8J4cJzcMgylQzl,4evs5hmj8J4cJzcMgylQzl,Home,"RBØR, Tayllor, CRAYA, Mr. V",true,exact-id,4evs5hmj8J4cJzcMgylQzl,https://www.mixgraph.io/tracks/mr-v-home-feat-mr-v-extended-mix,122,12B,4,1,0.549158776,0.836328606,0.496766631,0.689478067,0.563256,0.864907,0.715888,0.182892,0.912677,0.435398,Afro House,393883,strong
spotify-2NES935FgVCZnwpimrxAJ6,2NES935FgVCZnwpimrxAJ6,La Colegiala,Afro Club,false,,,,,,,,,,,,,,,,,,,,
spotify-7nhwdbIZnJBspw1L9KDT4W,7nhwdbIZnJBspw1L9KDT4W,Mamacita,Yung Omz ,false,,,,,,,,,,,,,,,,,,,,
spotify-1B1Ww52x3r3yH6mtAuhrie,1B1Ww52x3r3yH6mtAuhrie,Papele,"LEWS, Major League Djz, Daytona, Untitled Audio",true,exact-id,1B1Ww52x3r3yH6mtAuhrie,https://www.mixgraph.io/tracks/daytona-papele-extended-mix,122,11A,6,0,0.63050153,0.815665777,0.425301393,0.750325584,0.517488,0.83508,0.547412,0.356203,0.931447,0.473158,Afro House,271475,strong
spotify-70cLs3sjUFOKJroS191fgw,70cLs3sjUFOKJroS191fgw,POR FAVOR,Marc Moon,false,,,,,,,,,,,,,,,,,,,,
spotify-6cQZ6GKDkFDj0iGsjFfyq2,6cQZ6GKDkFDj0iGsjFfyq2,Shake,"Crisologo, ADDAM (BE)",true,exact-id,6cQZ6GKDkFDj0iGsjFfyq2,https://www.mixgraph.io/tracks/crisologo-shake,122,5A,0,0,0.761354071,0.794747993,0.426479587,0.998207452,0.550636,0.75267,0.425023,0.359269,0.910814,0.429627,Afro House,350287,strong
spotify-7GBhtxd4eVgA635ozUZSaj,7GBhtxd4eVgA635ozUZSaj,Smile,Lucca Saettone,false,,,,,,,,,,,,,,,,,,,,
spotify-1nsGJGpzFoD8O3CkeU8mpj,1nsGJGpzFoD8O3CkeU8mpj,Sueño,DANOR,true,exact-id,1nsGJGpzFoD8O3CkeU8mpj,https://www.mixgraph.io/tracks/danor-sueno,122,2B,6,1,0.776921823,0.703417929,0.53740596,0.714509377,0.733054,0.550641,0.274486,1,0.862289,0.404367,Melodic House & Techno,320655,strong
spotify-1B27a06OAQx7CS46plr5pU,1B27a06OAQx7CS46plr5pU,Toca Toca,"Sistek, Morry, Fly Project",false,,,,,,,,,,,,,,,,,,,,
spotify-7Fr8keCD6Ixkd5XCpC6EUv,7Fr8keCD6Ixkd5XCpC6EUv,Yo Te Sigo,Daww,false,,,,,,,,,,,,,,,,,,,,
spotify-2a2PjEwfXJn861qHXzJQHh,2a2PjEwfXJn861qHXzJQHh,Ze Roberto,Moojo,false,,,,,,,,,,,,,,,,,,,,
spotify-4U8vV8j993rpMdFn4dCn29,4U8vV8j993rpMdFn4dCn29,Sinnerman - 2022 Original Version,Siwell,false,,,,,,,,,,,,,,,,,,,,
spotify-1eitq6c6J9H8GyJYQxq6h1,1eitq6c6J9H8GyJYQxq6h1,Close To Me,"DAMIANO, Adrian Saguna",false,,,,,,,,,,,,,,,,,,,,
spotify-5KhyfCzCrjGfCRKHruIUl7,5KhyfCzCrjGfCRKHruIUl7,Quiver,"Colbora, CVALM, Budai House Clique",true,exact-id,5KhyfCzCrjGfCRKHruIUl7,https://www.mixgraph.io/tracks/colbora-quiver,120,9B,7,1,0.680501316,0.733244703,0.489655053,0.582071718,0.548442,0.744433,0.556273,0.426983,0.848678,0.43191,Melodic House & Techno,336192,strong
spotify-7crWP5nmpVQunuekqftSEr,7crWP5nmpVQunuekqftSEr,Yapa,"Josef Schumacher, Tobi Xander",true,exact-id,7crWP5nmpVQunuekqftSEr,https://www.mixgraph.io/tracks/josef-schumacher-yapa-extended-mix,123,12B,4,1,0.994266435,0.81985292,0.473754801,0.87177943,0.636624,0.913038,0.439535,0.368694,0.944206,0.418035,Afro House,347317,strong
spotify-28HAfQASgRFtJiJO95P0RY,28HAfQASgRFtJiJO95P0RY,Senolo,AFRONOM,true,exact-id,28HAfQASgRFtJiJO95P0RY,https://www.mixgraph.io/tracks/afronom-senolo-extended-mix,123,7A,2,0,0.744519881,0.763448911,0.478058449,0.769983147,0.597756,0.748069,0.583437,0.226686,0.864016,0.438457,Afro House,347317,strong
spotify-0OhOvavl37Rul1t8TlBMcv,0OhOvavl37Rul1t8TlBMcv,Need U,Mydoz,true,exact-id,0OhOvavl37Rul1t8TlBMcv,https://www.mixgraph.io/tracks/mydoz-need-u-extended-mix,123,8A,9,0,0.491889715,0.780125526,0.464784819,0.690178501,0.552705,0.893122,0.695137,0.413459,0.863281,0.416206,Afro House | Afro / Latin,321951,strong
spotify-5BhdMEXbQirRV4QYHoz96P,5BhdMEXbQirRV4QYHoz96P,Eres Para Mí - Radio Edit,Nico Falla,false,,,,,,,,,,,,,,,,,,,,
spotify-4OHTMdFofGPrSZJqKn4yBm,4OHTMdFofGPrSZJqKn4yBm,LA TRAVESÍA (Tech House),ToniTega,false,,,,,,,,,,,,,,,,,,,,
spotify-6oNdUnlUnXFDsiMY6yC1ti,6oNdUnlUnXFDsiMY6yC1ti,Happy Days - Radio Edit,Sweetpower,false,,,,,,,,,,,,,,,,,,,,
spotify-5ARMoO6PMW5XzN00dwTYW2,5ARMoO6PMW5XzN00dwTYW2,Suéltate,Greg Elenis,false,,,,,,,,,,,,,,,,,,,,
spotify-28Dw5KTUvyauj8RZnc8r2N,28Dw5KTUvyauj8RZnc8r2N,Celular,Sistek,false,,,,,,,,,,,,,,,,,,,,
spotify-32Yqrfs4BwDhCmF78Y3he9,32Yqrfs4BwDhCmF78Y3he9,Contigo Riddim,Malik,false,,,,,,,,,,,,,,,,,,,,
spotify-200DiJQhDi69nkGXOrrJgn,200DiJQhDi69nkGXOrrJgn,The Rapture Pt.III,"&ME, Black Coffee, Keinemusik",true,exact-id,200DiJQhDi69nkGXOrrJgn,https://www.mixgraph.io/tracks/me-the-rapture-ptiii,120,9A,4,0,0.176232145,0.744681029,0.55619766,0.542491234,0.426485,0.619627,0.922018,1,0.690883,0.407596,Melodic House & Techno,482000,strong
spotify-2GwsSbo6IbNDVvcm9rtmal,2GwsSbo6IbNDVvcm9rtmal,Say What,"Rampa, Adam Port, &ME, chuala, Keinemusik",true,exact-id,2GwsSbo6IbNDVvcm9rtmal,https://www.mixgraph.io/tracks/rampa-say-what-feat-chuala,120,8B,0,1,0.450197954,0.856888446,0.502329296,0.83581948,0.43014,0.958657,0.553007,0.618123,0.855344,0.39781,Afro House,416000,strong
spotify-093uABBO0VQxuHUgr4na2C,093uABBO0VQxuHUgr4na2C,After Everything,Miiles44,false,,,,,,,,,,,,,,,,,,,,
spotify-1de6YDcMK93DRCIv71DPYA,1de6YDcMK93DRCIv71DPYA,Where Did Your Love Go,"Moonshine, Sincerely Suav",false,,,,,,,,,,,,,,,,,,,,
spotify-4JdJb1IvZ2AacLemLGonDy,4JdJb1IvZ2AacLemLGonDy,Hello (The Sun Is Up Where Are You),Mizmo,true,same-recording,3RzMm7UF45THfWav8wVdQa,https://www.mixgraph.io/tracks/mizmo-hello-the-sun-is-up-where-are-you,124,4A,5,0,0.417649057,0.598969731,0.473061183,0.955798476,0.512621,0.463602,0.630252,1,0.767846,0.30517,Electronica,191612,strong
spotify-72qknjLxZXE6iE6h27sIHY,72qknjLxZXE6iE6h27sIHY,nobody (make me feel),"oskar med k, Khalid",true,exact-id,72qknjLxZXE6iE6h27sIHY,https://www.mixgraph.io/tracks/khalid-nobody-make-me-feel,125,11A,6,0,0.555983501,0.628058893,0.526746529,0.904606206,0.639971,0.486765,0.570194,0.673419,0.859559,0.373377,Pop,165146,strong
spotify-0l7cfP9dZBrkkNkR7NXnQO,0l7cfP9dZBrkkNkR7NXnQO,Gimme That Bounce,Mau P,false,,,,,,,,,,,,,,,,,,,,
spotify-10pfamFYvg5ftwq6rGJrWx,10pfamFYvg5ftwq6rGJrWx,Can't Decide,"Max Dean, Luke Dean, Locky",false,,,,,,,,,,,,,,,,,,,,
spotify-3DqOJ2BoddzZpNdty3okJH,3DqOJ2BoddzZpNdty3okJH,RIZZ,AYYBO,true,exact-id,3DqOJ2BoddzZpNdty3okJH,https://www.mixgraph.io/tracks/ayybo-rizz-extended-mix,127,6A,7,0,0.546181533,0.590632903,0.397611874,0.697429184,0.49635,0.784868,0.451412,0.518599,0.886144,0.44659,Tech House,200787,strong
spotify-6KrrcOQiX7NQ4h038wKTUy,6KrrcOQiX7NQ4h038wKTUy,neck,Mau P,true,exact-id,6KrrcOQiX7NQ4h038wKTUy,https://www.mixgraph.io/tracks/mau-p-neck-extended-mix,129,10A,11,0,0.77324667,0.737100906,0.480175841,0.704215712,0.638007,0.496006,0.912431,0.539829,0.84994,0.437027,Tech House,350000,strong
spotify-0PaZ052mHgQ1Ky2uDoa6Tr,0PaZ052mHgQ1Ky2uDoa6Tr,Take It Away,"Lucas Estrada, Heliograph, Palm Brothers, Palau",false,,,,,,,,,,,,,,,,,,,,
spotify-0tlAgfYIDCcJ3qxP9nzmHE,0tlAgfYIDCcJ3qxP9nzmHE,Hypnotized,"Lucas Estrada, Heliograph, Samuel Prince",false,,,,,,,,,,,,,,,,,,,,
spotify-1WEvnyNP1MxPnMsYqFd3dk,1WEvnyNP1MxPnMsYqFd3dk,Your Love,"Heliograph, Amè",false,,,,,,,,,,,,,,,,,,,,
spotify-1YH2pK01IAb9S7JiKT1MPu,1YH2pK01IAb9S7JiKT1MPu,You're So Bad,"Lucas Estrada, Heliograph, Samuel Prince",false,,,,,,,,,,,,,,,,,,,,
spotify-2aTHmDr4tQkdJmVPJyfmgL,2aTHmDr4tQkdJmVPJyfmgL,Nuthin’ But A “G” Thang,"aMouse, Heliograph",false,,,,,,,,,,,,,,,,,,,,
spotify-3Bnc1jf9daAooE7dfYZkV4,3Bnc1jf9daAooE7dfYZkV4,We Dance,"Lucas Estrada, Heliograph, Palau",false,,,,,,,,,,,,,,,,,,,,
spotify-3CGJ2KUaPOprDlKz9XgiF7,3CGJ2KUaPOprDlKz9XgiF7,One Kiss,"Heliograph, Palau",false,,,,,,,,,,,,,,,,,,,,
spotify-3dXrYAexwAonlygTs1cDOn,3dXrYAexwAonlygTs1cDOn,Moonlight,Heliograph,false,,,,,,,,,,,,,,,,,,,,
spotify-6M7jWqrOtwMxycjbYXhipu,6M7jWqrOtwMxycjbYXhipu,Love Everything You Do,Heliograph,true,exact-id,6M7jWqrOtwMxycjbYXhipu,https://www.mixgraph.io/tracks/heliograph-love-everything-you-do,120,1A,8,0,0.719297883,0.64538038,0.454450585,0.827487867,0.621094,0.872969,0.599907,0.792637,0.809734,0.414595,African | Afrobeats,157625,strong
spotify-7LapSXUTWUXy5r55fSi9gf,7LapSXUTWUXy5r55fSi9gf,Dale Papi,"Vidojean X Oliver Loenn, Heliograph, Berat Oz",false,,,,,,,,,,,,,,,,,,,,
spotify-7uS9LjYK2CV7WGWj44tYV7,7uS9LjYK2CV7WGWj44tYV7,Sweat,Heliograph,false,,,,,,,,,,,,,,,,,,,,
spotify-21fAjb3K01LujY841IMbtA,21fAjb3K01LujY841IMbtA,Ira - Yubik Remix,"Enai, Yubik",true,exact-id,21fAjb3K01LujY841IMbtA,https://www.mixgraph.io/tracks/enai-ira-yubik-remix,123,5A,0,0,0.480410644,0.698977621,0.433877367,0.94961504,0.531968,0.748977,0.805047,0.503395,0.797991,0.359461,Melodic House & Techno,343414,strong
spotify-22LA2VZOMM5TEFA7yu1o9B,22LA2VZOMM5TEFA7yu1o9B,World's Perception - Enai Remix,"Hollt, Enai",false,,,,,,,,,,,,,,,,,,,,
spotify-30Z6Dp5Ddy6FN3xjm1XXLS,30Z6Dp5Ddy6FN3xjm1XXLS,DONA,"Argy, Omiki",true,exact-id,30Z6Dp5Ddy6FN3xjm1XXLS,https://www.mixgraph.io/tracks/argy-dona,132,5B,3,1,0.760781153,0.639964821,0.425376213,0.810579587,0.533166,0.8681,0.207924,0.473183,0.874742,0.410842,Melodic House & Techno,269000,strong
spotify-3s7tZDGRWJ4wL8x9na9MKE,3s7tZDGRWJ4wL8x9na9MKE,Dream,Ontonic,true,exact-id,3s7tZDGRWJ4wL8x9na9MKE,https://www.mixgraph.io/tracks/ontonic-dream,120,10A,11,0,0.784959908,0.672967206,0.544234905,0.489353976,0.671713,0.777637,0.680629,0.316156,0.854854,0.401595,Melodic House & Techno | Melodic House,432000,strong
spotify-6n9Nhx5nhAPrsnjQpL8zna,6n9Nhx5nhAPrsnjQpL8zna,Giza,"Anyma, 19:26",false,,,,,,,,,,,,,,,,,,,,
spotify-6u5uJUkN4Virf2lLxRCcve,6u5uJUkN4Virf2lLxRCcve,Universe,Ontonic,true,exact-id,6u5uJUkN4Virf2lLxRCcve,https://www.mixgraph.io/tracks/ontonic-universe,120,2B,6,1,0.45403164,0.816207345,0.532086884,0.723099654,0.461678,0.861289,0.71508,0.203761,0.937458,0.406659,Melodic House & Techno,433228,strong
spotify-2da0QdMmeCnZURi2Pdy2Sj,2da0QdMmeCnZURi2Pdy2Sj,Lavisa,Jason Padrone,false,,,,,,,,,,,,,,,,,,,,
spotify-2yejwvLnmVFtwrMQlaRWgP,2yejwvLnmVFtwrMQlaRWgP,El Dorado,"HotLap, UVITA",true,exact-id,2yejwvLnmVFtwrMQlaRWgP,https://www.mixgraph.io/tracks/hotlap-el-dorado,120,2B,6,1,0.809818311,0.801118494,0.487856818,0.646673279,0.597114,0.844863,0.601238,0.470838,0.862306,0.44066,Afro House,352548,strong
spotify-5jpXBy9DB4kbuNLwGceYOy,5jpXBy9DB4kbuNLwGceYOy,Mind,"KEKURA, Kalyma, YOSHE",false,,,,,,,,,,,,,,,,,,,,
spotify-0G6r9pghzSm8gGfgV64pHn,0G6r9pghzSm8gGfgV64pHn,Melodia,"Argy, MEDUZA, PollyAnna",false,,,,,,,,,,,,,,,,,,,,
spotify-1GBBbKOarAJ38HwIfLcOji,1GBBbKOarAJ38HwIfLcOji,Eternity,"Anyma, Chris Avantgarde",true,exact-id,1GBBbKOarAJ38HwIfLcOji,https://www.mixgraph.io/tracks/chris-avantgarde-eternity-massano-remix-extended-mix,127,8B,0,1,0.864415498,0.638666502,0.486249499,0.577979029,0.75173,0.530513,0.19581,0.56345,0.82565,0.362873,Melodic House & Techno,362500,strong
spotify-6mAIXsvt8eEIKSskw3YPth,6mAIXsvt8eEIKSskw3YPth,Hypnotized (feat. Ellie Goulding),"Anyma, Ellie Goulding",true,exact-id,6mAIXsvt8eEIKSskw3YPth,https://www.mixgraph.io/tracks/anyma-hypnotized,125,7A,2,0,0.526251338,0.632140773,0.473751083,0.827791322,0.474094,0.805052,0.573324,0.720563,0.837687,0.399497,Dance,180540,related
spotify-6XqcxYifLCONJ1UWIX6HHZ,6XqcxYifLCONJ1UWIX6HHZ,Puer,Cherry (UA),false,,,,,,,,,,,,,,,,,,,,
spotify-7KxCyR3pCUqH136EvCDMun,7KxCyR3pCUqH136EvCDMun,Pictures Of You - Cassian Remix,"Anyma, Cassian",false,,,,,,,,,,,,,,,,,,,,
spotify-5z9gPjsnHWvSj6F8rP50Pu,5z9gPjsnHWvSj6F8rP50Pu,Do U Wanna (Extended Mix),"Naarly, Moonshine, Lucas Estrada",false,,,,,,,,,,,,,,,,,,,,
spotify-4dJVDcdrTwB0sDBbw4TfXR,4dJVDcdrTwB0sDBbw4TfXR,Window Shake,"Argy, SOLANCE",true,exact-id,4dJVDcdrTwB0sDBbw4TfXR,https://www.mixgraph.io/tracks/argy-window-shake,129,5B,3,1,0.732243444,0.563073392,0.48152558,0.680294133,0.588269,0.837762,0.576085,0.410089,0.859657,0.421938,Melodic House & Techno,298604,strong
spotify-0Qp3W3eVtMJstjG8wOGYTY,0Qp3W3eVtMJstjG8wOGYTY,You,"LEWS, nobodyknowsjones",true,exact-id,0Qp3W3eVtMJstjG8wOGYTY,https://www.mixgraph.io/tracks/lews-you-extended-mix,123,2A,3,0,0.659152436,0.67942884,0.46296637,0.687093633,0.557976,0.717966,0.403697,0.203518,0.909531,0.411715,Afro House,245853,strong
spotify-35dt2bP4CcBzepyufQbvYZ,35dt2bP4CcBzepyufQbvYZ,Fire Fire,"Shimza, AR/CO, Kasango",true,exact-id,35dt2bP4CcBzepyufQbvYZ,https://www.mixgraph.io/tracks/shimza-fire-fire-extended-mix,125,6A,7,0,0.617383243,0.664910497,0.494905434,0.668356077,0.597336,0.421701,0.518444,0.572,0.864413,0.406241,Afro House,277200,strong
spotify-3hH3ypxqE0JwYq4mfyYmlD,3hH3ypxqE0JwYq4mfyYmlD,Body,"Topic, Fireboy DML, Nico Santos",true,exact-id,3hH3ypxqE0JwYq4mfyYmlD,https://www.mixgraph.io/tracks/nico-santos-body-extended-mix,120,3A,10,0,0.488590225,0.799180051,0.502246917,0.665615981,0.487452,0.78858,0.487966,0.574162,0.845687,0.393678,Dance,352000,strong
spotify-3oKi7Fp9JhDLTKaW6fZLwO,3oKi7Fp9JhDLTKaW6fZLwO,Bad Girls Like You - English Version,"Tobii, DOLLA",false,,,,,,,,,,,,,,,,,,,,
spotify-3VXJln5ZvlvzbsjJFhRhZE,3VXJln5ZvlvzbsjJFhRhZE,Addicted (feat. TIMID.),"Naarly, Daytona, LEWS, FIRSTCLASS, TIMID.",true,exact-id,3VXJln5ZvlvzbsjJFhRhZE,https://www.mixgraph.io/tracks/daytona-addicted-feat-timid-extended-mix,120,1A,8,0,0.426404763,0.785756339,0.464251445,0.818156628,0.493749,0.824009,0.432571,0.716859,0.88213,0.445252,Afro House,189000,strong
spotify-4zBLxrB4WI9tu7wO9PIJM3,4zBLxrB4WI9tu7wO9PIJM3,Aluna (Afro House),Dj Vini,false,,,,,,,,,,,,,,,,,,,,
spotify-5ZUIPLoTLJZrPQh2kFZEUM,5ZUIPLoTLJZrPQh2kFZEUM,Addicted,"Zerb, The Chainsmokers, Ink",true,exact-id,5ZUIPLoTLJZrPQh2kFZEUM,https://www.mixgraph.io/tracks/ink-addicted,120,4A,5,0,0.602558098,0.671241454,0.428321296,0.811170289,0.609803,0.742177,0.394543,0.384933,0.933148,0.375354,Progressive House,152250,strong
spotify-0LGUxRAobq2shxKN3xtnMJ,0LGUxRAobq2shxKN3xtnMJ,Weyu,"Lucas Estrada, Lenji, Amadi Blue",false,,,,,,,,,,,,,,,,,,,,
spotify-0ntYber3YdK1ESxE9LiXoc,0ntYber3YdK1ESxE9LiXoc,Move,"Stryv, Camila Cabello, Malachiii, Adam Port, Keinemusik, Orso",true,same-recording,6NIJqFHB5cHAn064JCP7Li,https://www.mixgraph.io/tracks/adam-port-move-feat-malachiii,120,1A,8,0,0.501270985,0.818815657,0.437107249,0.823801671,0.602535,0.871234,0.39841,0.655953,0.870206,0.456687,Afro House,177598,related
spotify-2D9coh76MCXNqDEUCHl5vl,2D9coh76MCXNqDEUCHl5vl,AWGAZI,"Palm Monkey, RUSSI, The Palm Tree Boy",true,exact-id,2D9coh76MCXNqDEUCHl5vl,https://www.mixgraph.io/tracks/russi-awgazi-extended-mix,118,1A,8,0,0.492185603,0.830551569,0.485578043,0.987620049,0.561951,0.901012,0.682829,0.748332,0.878697,0.420132,Afro House,233898,strong
spotify-418UFQyQAk6qukmov5uHlr,418UFQyQAk6qukmov5uHlr,Temperatura,"Andor Gabriel, Jerome Sydor",false,,,,,,,,,,,,,,,,,,,,
spotify-5nPbKG04fhLkIAjcPFaZq7,5nPbKG04fhLkIAjcPFaZq7,I Adore You (feat. Daecolm),"HUGEL, Topic, Arash, Daecolm",true,exact-id,5nPbKG04fhLkIAjcPFaZq7,https://www.mixgraph.io/tracks/hugel-i-adore-you-extended-mix,120,10A,11,0,0.650639163,0.798574485,0.396783422,0.776815047,0.616117,0.88221,0.324549,0.344722,0.878419,0.41479,Afro House,386000,related
spotify-76952ZbAHlgMqrIEMqYkgB,76952ZbAHlgMqrIEMqYkgB,Papaoutai - Afro Soul,"mikeeysmind, Chill77, Unjaps",true,same-recording,2pwED7E7gGr3UR7T3s3LSM,https://www.mixgraph.io/tracks/mikeeysmind-papaoutai-afro-soul,76,1A,8,0,0.380459795,0.639114067,0.484807028,0.896376648,0.584083,0.399773,0.439225,0.862827,0.762395,0.401546,Pop,280033,strong
spotify-7BM311QgIRlXRTZsPCIsQP,7BM311QgIRlXRTZsPCIsQP,Away,"Topic, Sofiya Nzau",false,,,,,,,,,,,,,,,,,,,,
spotify-0KVxwBlnjoxP9BOnZ4OfHo,0KVxwBlnjoxP9BOnZ4OfHo,Dame tu Mano (Take My Hand),"Heliograph, Palau",false,,,,,,,,,,,,,,,,,,,,
spotify-0smB5zD5CJYMtdXvS2qS5A,0smB5zD5CJYMtdXvS2qS5A,Unforgettable,"Alok, Daecolm, Malou",false,,,,,,,,,,,,,,,,,,,,
spotify-1lIT2ZiOQetROcnkCRK4pf,1lIT2ZiOQetROcnkCRK4pf,Azizam,"merchant, Jordan Grace",false,,,,,,,,,,,,,,,,,,,,
spotify-1o9D0rUusi2V5idyOEOPII,1o9D0rUusi2V5idyOEOPII,Sweet Dreams (Are Made of This),"Winati, Moonshine, BELLMAN, Louise CS",false,,,,,,,,,,,,,,,,,,,,
spotify-2jWZ9NZotZb2hN5obKx2FA,2jWZ9NZotZb2hN5obKx2FA,Loosen Up,"HUGEL, Dawty, Preston Harris",true,exact-id,2jWZ9NZotZb2hN5obKx2FA,https://www.mixgraph.io/tracks/preston-harris-loosen-up-extended-mix,120,6A,7,0,0.515706143,0.804076856,0.440050347,0.641015926,0.483647,0.863014,0.460614,0.517259,0.873511,0.432974,Afro House | Afro Melodic,305500,strong
spotify-4hC6vZO3aw9SlsmMboQVJE,4hC6vZO3aw9SlsmMboQVJE,EYES,RUSSI,false,,,,,,,,,,,,,,,,,,,,
spotify-62zDU1uPbP5VzM1QEgPnae,62zDU1uPbP5VzM1QEgPnae,La Luna,Heliograph,false,,,,,,,,,,,,,,,,,,,,
spotify-0bruK7CIEhyQO8tzeRTnjg,0bruK7CIEhyQO8tzeRTnjg,Waitin',HotLap,true,exact-id,0bruK7CIEhyQO8tzeRTnjg,https://www.mixgraph.io/tracks/hotlap-waitin-extended-mix,122,2B,6,1,0.827702768,0.70017005,0.472282348,0.771526128,0.607228,0.864242,0.547426,0.34006,0.929061,0.467755,Melodic House & Techno,395000,strong
spotify-2bR6kl5tv8SU8Ps0mrH8Wy,2bR6kl5tv8SU8Ps0mrH8Wy,Feel The Love - Hotlap Remix,"andhim, AMÉMÉ, Malou, Avi Snow, HotLap",true,exact-id,2bR6kl5tv8SU8Ps0mrH8Wy,https://www.mixgraph.io/tracks/malou-feel-the-love-hotlap-extended-remix,120,4A,5,0,0.78052286,0.653214973,0.630540329,0.787401943,0.708475,0.481497,0.57501,0.505427,0.884832,0.366408,Afro House,385287,strong
spotify-4gACQVwjtFrI0NdK5n4idc,4gACQVwjtFrI0NdK5n4idc,Let's Work,Touzani,true,exact-id,4gACQVwjtFrI0NdK5n4idc,https://www.mixgraph.io/tracks/touzani-lets-work-extended-mix,122,1A,8,0,0.839962564,0.857687391,0.364025252,0.638385984,0.619572,0.736826,0.329285,0.322042,0.942474,0.471062,Afro House,317727,strong
spotify-54LuSuR8NpNvmqL8VohoUy,54LuSuR8NpNvmqL8VohoUy,Sunbeam,HotLap,true,exact-id,54LuSuR8NpNvmqL8VohoUy,https://www.mixgraph.io/tracks/hotlap-sunbeam,124,2B,6,1,0.658170137,0.719798362,0.44913204,0.655037507,0.590102,0.881873,0.298098,0.303964,0.898569,0.407403,Melodic House & Techno | Melodic House,388316,strong
spotify-5JT9hOxKU03tW2VA80Q8X7,5JT9hOxKU03tW2VA80Q8X7,Hey Mama,Bletter,true,exact-id,5JT9hOxKU03tW2VA80Q8X7,https://www.mixgraph.io/tracks/bletter-hey-mama-extended-mix,124,9A,4,0,0.777953819,0.835487432,0.492858046,0.617470585,0.635883,0.732342,0.701529,0.393828,0.858606,0.47801,Afro House,348387,strong
spotify-0V9raTkW24E3mrf7ZemeNB,0V9raTkW24E3mrf7ZemeNB,I Wanna Be Yours,Nick Varell,false,,,,,,,,,,,,,,,,,,,,
spotify-1wOdMqYDHqILKGco6AbKdB,1wOdMqYDHqILKGco6AbKdB,Touch Me - Hotlap Remix,"Pole Position, HotLap",true,exact-id,1wOdMqYDHqILKGco6AbKdB,https://www.mixgraph.io/tracks/pole-position-touch-me-hotlap-remix,124,10B,2,1,0.822204239,0.757332759,0.573615884,0.772590057,0.606321,0.843998,0.984655,0.485791,0.838963,0.462649,Melodic House & Techno,340657,strong
spotify-1wWXUVWny5JJHxMvsAjAxD,1wWXUVWny5JJHxMvsAjAxD,Commas,HotLap,true,exact-id,1wWXUVWny5JJHxMvsAjAxD,https://www.mixgraph.io/tracks/hotlap-commas,120,12B,4,1,0.654286972,0.755112694,0.502782336,0.575430177,0.610535,0.87443,0.723238,0.58555,0.866018,0.413214,Melodic House & Techno,354237,strong
spotify-2KuQ9Au4R0WasDJ8fDRHxT,2KuQ9Au4R0WasDJ8fDRHxT,Shelter,"HotLap, UVITA",true,exact-id,2KuQ9Au4R0WasDJ8fDRHxT,https://www.mixgraph.io/tracks/hotlap-shelter-extended-mix,122,5B,3,1,0.737854072,0.812515157,0.465084881,0.746810306,0.606873,0.887117,0.271498,0.408625,0.945641,0.504294,Melodic House & Techno,427132,strong
spotify-6VSPib5LDroLjQXXVk50gd,6VSPib5LDroLjQXXVk50gd,Pinnacle,"HotLap, Eli Moon",false,,,,,,,,,,,,,,,,,,,,
spotify-7k0kq03bs3micRAVvYgzg8,7k0kq03bs3micRAVvYgzg8,You & I,"HotLap, SHELLS",true,exact-id,7k0kq03bs3micRAVvYgzg8,https://www.mixgraph.io/tracks/shells-you-i-feat-shells-extended,125,9B,7,1,0.65686539,0.555831675,0.469060599,0.686128678,0.589265,0.872438,0.620426,0.363059,0.885001,0.430132,Deep House,250140,strong
spotify-45cq4eLrpEyFbsa75bLteB,45cq4eLrpEyFbsa75bLteB,Nikotam,"Backeer, Elline",false,,,,,,,,,,,,,,,,,,,,
spotify-6jkHEZaCSCOQ7M7Cwnw91Q,6jkHEZaCSCOQ7M7Cwnw91Q,Maledhi,"Mindloco, Lazaros",false,,,,,,,,,,,,,,,,,,,,
spotify-6nuH5zRlWzuzZr9fA4IcpY,6nuH5zRlWzuzZr9fA4IcpY,No More,"Breakstorm, &SARA, David Eusse",true,exact-id,6nuH5zRlWzuzZr9fA4IcpY,https://www.mixgraph.io/tracks/david-eusse-no-more,124,2B,6,1,0.702743489,0.805778284,0.504805198,0.865145987,0.514728,0.968827,0.734315,0.147798,0.930712,0.484667,Afro House,311612,strong
spotify-70OtvVapZmDucK1owYRf3Z,70OtvVapZmDucK1owYRf3Z,Nei Ali,Berin,false,,,,,,,,,,,,,,,,,,,,
spotify-7dDoLRPOgIdxDPN60P5vR2,7dDoLRPOgIdxDPN60P5vR2,Saliluti - Radio Mix,Chriszg,false,,,,,,,,,,,,,,,,,,,,
spotify-2dyfnrBpCyinfhdZN4IsF3,2dyfnrBpCyinfhdZN4IsF3,Pull Out The Fire,"Kashovski, blackbird",true,exact-id,2dyfnrBpCyinfhdZN4IsF3,https://www.mixgraph.io/tracks/blackbird-pull-out-the-fire,124,6A,7,0,0.829111426,0.745139744,0.492833622,0.813906866,0.64356,0.944663,0.89123,0.258242,0.849586,0.45154,Afro House,348387,strong
spotify-0wGlXAZU2OQlOiCghAOCqm,0wGlXAZU2OQlOiCghAOCqm,Like A Child,"Armin van Buuren, Argy, Marlo Rex",false,,,,,,,,,,,,,,,,,,,,
spotify-1UhzFALHc9kjh3UqRJjR02,1UhzFALHc9kjh3UqRJjR02,WIND,"Argy, Omiki",true,exact-id,1UhzFALHc9kjh3UqRJjR02,https://www.mixgraph.io/tracks/argy-wind,127,10B,2,1,0.688907834,0.67180946,0.453542592,0.603431261,0.531326,0.911571,0.337372,0.519016,0.91237,0.436686,Melodic House & Techno,313700,strong
spotify-4G6RcByL6hwtBJdhJDniFf,4G6RcByL6hwtBJdhJDniFf,MANTRA,"Argy, Omiki, Lell Nahar",true,exact-id,4G6RcByL6hwtBJdhJDniFf,https://www.mixgraph.io/tracks/argy-mantra-extended-mix,128,5A,0,0,0.665911195,0.622165265,0.500868508,0.763050785,0.563007,0.498108,0.671265,0.739471,0.818651,0.420423,Melodic House & Techno | Melodic House,303750,strong
spotify-3AjSfp5FDvwtMU9XBsbS8j,3AjSfp5FDvwtMU9XBsbS8j,Push Up - Main Edit,Creeds,false,,,,,,,,,,,,,,,,,,,,
spotify-09CnYHiZ5jGT1wr1TXJ9Zt,09CnYHiZ5jGT1wr1TXJ9Zt,Thank You (Not So Bad),"Dimitri Vegas & Like Mike, Tiësto, Dido, W&W, Dimitri Vegas, Like Mike",true,exact-id,09CnYHiZ5jGT1wr1TXJ9Zt,https://www.mixgraph.io/tracks/tiesto-thank-you-not-so-bad,150,1A,8,0,0.910098381,0.594780637,0.472966717,0.712772679,0.718674,0.20367,0.5291,0.435684,0.864166,0.363455,Mainstage,291000,strong
spotify-25V0TNA8cZLVzLQpHa6rB1,25V0TNA8cZLVzLQpHa6rB1,Freaks,FISHER,false,,,,,,,,,,,,,,,,,,,,
spotify-1KOTY2OVnEgua9eY76WxvT,1KOTY2OVnEgua9eY76WxvT,Azul,Funk Tribu,true,exact-id,1KOTY2OVnEgua9eY76WxvT,https://www.mixgraph.io/tracks/funk-tribu-azul-extended-mix,148,6A,7,0,0.518065765,0.665002217,0.48143736,1,0.568371,0.79694,0.606686,0.579115,0.871608,0.419435,Trance (Main Floor),293892,strong
spotify-5e4II0hLokRNiw4q2uHeL8,5e4II0hLokRNiw4q2uHeL8,Better With You,"Nico Moreno, Novah, KIMI",true,exact-id,5e4II0hLokRNiw4q2uHeL8,https://www.mixgraph.io/tracks/nico-moreno-better-with-you,77,4A,5,0,0.702919596,0.535347517,0.462881277,0.688314155,0.605881,0.589924,0.557663,0.389215,0.90043,0.434458,Hard Dance / Hardcore / Neo Rave | Neo Rave,211928,related
spotify-5JUOGoWTvUtTdedxOjTZ08,5JUOGoWTvUtTdedxOjTZ08,Back Online,ZIAGA,false,,,,,,,,,,,,,,,,,,,,
spotify-6ho0GyrWZN3mhi9zVRW7xi,6ho0GyrWZN3mhi9zVRW7xi,Losing It,FISHER,false,,,,,,,,,,,,,,,,,,,,
spotify-5hmcw6bW5V24CvJqsz87We,5hmcw6bW5V24CvJqsz87We,On My Mind,"Diplo, SIDEPIECE",true,exact-id,5hmcw6bW5V24CvJqsz87We,https://www.mixgraph.io/tracks/diplo-on-my-mind-purple-disco-machine-remix-extended,123,6A,7,0,0.613413594,0.818025877,0.471617385,0.663388574,0.596696,0.833309,0.450686,0.600369,0.811244,0.375458,Bass House,189268,strong
spotify-5PL7k9QH7Kj7B4527dHvon,5PL7k9QH7Kj7B4527dHvon,La Verdolaga,"HUGEL, Totó La Momposina",true,exact-id,5PL7k9QH7Kj7B4527dHvon,https://www.mixgraph.io/tracks/hugel-la-verdolaga-feat-tot-la-momposina-extended-mix,124,1B,11,1,0.761418956,0.632561986,0.534105351,0.61860535,0.695119,0.695845,0.557038,0.283925,0.878868,0.472987,Afro House | Latin Dance,313000,strong
spotify-5nZ9KC7vuQe8vy7N3M5YXj,5nZ9KC7vuQe8vy7N3M5YXj,Dile,Juos,true,exact-id,5nZ9KC7vuQe8vy7N3M5YXj,https://www.mixgraph.io/tracks/juos-dile,130,7A,2,0,0.515280757,0.743146195,0.381278896,0.910706362,0.547055,0.760916,0.410505,0.163229,0.951525,0.548508,Tech House | Latin Tech,268000,strong
spotify-3szSyYRapmpvq9UKU3drwy,3szSyYRapmpvq9UKU3drwy,"Right Here, Right Now - Rework","Fatboy Slim, Topic, Marco Generani",false,,,,,,,,,,,,,,,,,,,,
spotify-2SYt3HZ7dZ8EyvvrsJBrS6,2SYt3HZ7dZ8EyvvrsJBrS6,Loco,Tony Dark Eyes,false,,,,,,,,,,,,,,,,,,,,
spotify-3fwmJrwHkJrUcybkmTU8pd,3fwmJrwHkJrUcybkmTU8pd,Shingaling Shingaling,"Cumbiafrica, Lost Minds, Reebs",true,exact-id,3fwmJrwHkJrUcybkmTU8pd,https://www.mixgraph.io/tracks/reebs-shingaling-shingaling-extended-mix,128,10B,2,1,0.626268261,0.624757055,0.45643925,0.756789636,0.613907,0.75294,0.595451,0.210313,0.88,0.482078,House,315468,strong
spotify-46d9wSmQTSyBrJKQ9YwNHb,46d9wSmQTSyBrJKQ9YwNHb,Cap,Enzo is Burning,false,,,,,,,,,,,,,,,,,,,,
spotify-4FHXsehfIbyPCJLP7fCnIF,4FHXsehfIbyPCJLP7fCnIF,Ritmo,Raffa Fl,false,,,,,,,,,,,,,,,,,,,,
spotify-7DxrTNmUprBMQ0RV45xreb,7DxrTNmUprBMQ0RV45xreb,Verano En NY,Toman,true,exact-id,7DxrTNmUprBMQ0RV45xreb,https://www.mixgraph.io/tracks/toman-verano-en-ny,126,9B,7,1,0.541177142,0.599420406,0.464515631,0.776327546,0.526272,0.747156,0.528018,0.248712,0.922295,0.483885,Tech House | Latin Tech,261000,strong
spotify-0FIAB3qd9n8Va9rhmRjteH,0FIAB3qd9n8Va9rhmRjteH,La La La,"Sinego, Fernando Milagros, Daybreaker, Benziê",false,,,,,,,,,,,,,,,,,,,,
spotify-3wlEt7tgbcyowpdlcnCwfz,3wlEt7tgbcyowpdlcnCwfz,Sauti,"Francis Mercier, Faul & Wad, African Children's Choir",true,exact-id,3wlEt7tgbcyowpdlcnCwfz,https://www.mixgraph.io/tracks/francis-mercier-sauti,122,7A,2,0,0.33468943,0.805799985,0.438785087,0.340393516,0.444415,0.526954,0.501916,1,0.573102,0.415954,Afro House | Afro Melodic,348196,strong
spotify-5Lm6Vl5RjOF77si7Tv5Usz,5Lm6Vl5RjOF77si7Tv5Usz,Tambora,"Faul & Wad, MESTIZA, Martina Camargo",true,exact-id,5Lm6Vl5RjOF77si7Tv5Usz,https://www.mixgraph.io/tracks/martina-camargo-tambora-extended-mix,125,1B,11,1,0.472382463,0.786600071,0.466478125,0.585523127,0.44501,0.865031,0.563441,0.4012,0.886462,0.537528,Afro House,208290,strong
spotify-5XOzAn4HqJDrjDHt65rt7L,5XOzAn4HqJDrjDHt65rt7L,Bailalo,RAFFA GUIDO,true,exact-id,5XOzAn4HqJDrjDHt65rt7L,https://www.mixgraph.io/tracks/raffa-guido-bailalo-extended-mix,122,3A,10,0,0.853407941,0.856615042,0.359962908,0.797219589,0.62839,0.861448,0.36234,0.356886,0.893782,0.483546,Afro House | Afro Melodic,267742,strong
spotify-6rR9j58vyiStN9CefIGVm7,6rR9j58vyiStN9CefIGVm7,Mi Alma,Dennis Cartier,true,exact-id,6rR9j58vyiStN9CefIGVm7,https://www.mixgraph.io/tracks/dennis-cartier-mi-alma-extended-mix,122,9A,4,0,0.462487831,0.782525289,0.414139436,0.776221847,0.442868,0.937196,0.781929,0.168263,0.926271,0.490933,Afro House,283770,strong
spotify-7IUGkB1cmE78vv9wlYtfER,7IUGkB1cmE78vv9wlYtfER,Coge El Paso,"HUGEL, DERON, La Payara",false,,,,,,,,,,,,,,,,,,,,
spotify-6SeZObDDZZiJmzY4qgfh57,6SeZObDDZZiJmzY4qgfh57,Capitale,Illyus Barrientos,true,exact-id,6SeZObDDZZiJmzY4qgfh57,https://www.mixgraph.io/tracks/illyus-barrientos-capitale-extended-mix,125,11A,6,0,0.620152739,0.691896424,0.482342789,0.87124524,0.530604,0.845122,0.509492,0.199969,0.902792,0.453831,House,344220,strong
spotify-7e9eZ3JJ0JPkfNNrLsWBt5,7e9eZ3JJ0JPkfNNrLsWBt5,Velvet Night,WOGEL,false,,,,,,,,,,,,,,,,,,,,
spotify-7q7xQ91AWU1PFni84RznU9,7q7xQ91AWU1PFni84RznU9,Conga - Radio Edit,Massivedrum,false,,,,,,,,,,,,,,,,,,,,
spotify-2NPOfAcuPVBilgRETr0qJq,2NPOfAcuPVBilgRETr0qJq,Heaven (feat. Yousra),"Tomas Grey, Yousra",false,,,,,,,,,,,,,,,,,,,,
spotify-5PI6kX5XDbiLsTjX7qJjE2,5PI6kX5XDbiLsTjX7qJjE2,Don't Wake Us Up - Extended Mix,"JOA, James Carter",true,exact-id,5PI6kX5XDbiLsTjX7qJjE2,https://www.mixgraph.io/tracks/james-carter-dont-wake-us-up-extended-mix,132,3A,10,0,0.562067271,0.62817618,0.403844091,0.786655662,0.537205,0.897809,0.386419,0.175687,0.87919,0.44509,Mainstage,245063,strong
spotify-1dZufI94FSPvNcHzbr0nT2,1dZufI94FSPvNcHzbr0nT2,Missing Part of Me,JOA,false,,,,,,,,,,,,,,,,,,,,
spotify-55Zql8avsQO7zPiBqJvFAI,55Zql8avsQO7zPiBqJvFAI,SINCE '06,ASK YOUR FRIENDS,false,,,,,,,,,,,,,,,,,,,,
