track_id,spotify_id,title,artist,duration_seconds,playlists,bpm,musical_key,camelot,energy,groove,vocal,role,key_confidence,preview_seconds,dynamic_range,harmonic_share,percussive_share,preview_url,analysis_source
spotify-2KVAO2OAH6a9Tr2DqYL65g,2KVAO2OAH6a9Tr2DqYL65g,CORAÇAO - 20th Anniversary Mix,"Jerry Ropero, HUGEL, Mijangos, Jesús Fernández",175,"Techno, Afro, Soul & EDM | Afro Vibezz",126.0,F# minor,11A,0.814,afro,0.408,peak,0.59,29.71,0.3425,0.5149,0.2221,https://p.scdn.co/mp3-preview/afaff0a96b75d82d99418843ed8ecdd7b4c673b0,Spotify public 30s preview; librosa 0.11 beat/chroma/HPSS/RMS/onset analysis
spotify-4G5vEpp26cEIj9FnVYft8i,4G5vEpp26cEIj9FnVYft8i,Move In Time,"Moeaike, Picca & Mars",206,"Techno, Afro, Soul & EDM | Afro Vibezz",123.0,E minor,9A,0.387,afro,0.554,builder,0.585,15.62,0.1246,0.6103,0.1472,https://p.scdn.co/mp3-preview/773bf652ad1ab8cce11e8ff309a0e7c8210a4cf4,Spotify public 30s preview; librosa 0.11 beat/chroma/HPSS/RMS/onset analysis
spotify-7M4GUQ0CZU5A9CO2hkadG4,7M4GUQ0CZU5A9CO2hkadG4,Blue Berries,"Sem Jacobs, Tagmann",170,"Techno, Afro, Soul & EDM | Afro Vibezz",128.0,C major,8B,0.42,afro,0.075,builder,0.674,29.71,0.1128,0.299,0.4155,https://p.scdn.co/mp3-preview/0638dd2d458f5b42bdc63ff545214626db96fd51,Spotify public 30s preview; librosa 0.11 beat/chroma/HPSS/RMS/onset analysis
spotify-6ms1mOmSxRvNsZ7ZcpONmC,6ms1mOmSxRvNsZ7ZcpONmC,With You,"LEWS, Steve N, Major League Djz, Untitled Audio",164,"Techno, Afro, Soul & EDM | Afro Vibezz",120.0,E minor,9A,0.73,afro,0.448,bridge,0.614,16.0,0.1908,0.5409,0.1829,https://p.scdn.co/mp3-preview/73861602abdd1d9912720ea6f7c967abb33faa7d,Spotify public 30s preview; librosa 0.11 beat/chroma/HPSS/RMS/onset analysis
spotify-0TONQ6PLt48eBp5yzh7Of3,0TONQ6PLt48eBp5yzh7Of3,Fuma Ya,"Ucha, Chris Leon",230,"Techno, Afro, Soul & EDM | Afro Vibezz",122.0,F minor,4A,0.596,afro,0.223,bridge,0.629,15.87,0.2114,0.3951,0.3028,https://p.scdn.co/mp3-preview/7a0da0db98a5526daa7783851ce96d4116dea49f,Spotify public 30s preview; librosa 0.11 beat/chroma/HPSS/RMS/onset analysis
spotify-5QwJtoSfJqEPHlNCm46uex,5QwJtoSfJqEPHlNCm46uex,A Gira,unfazed,152,"Techno, Afro, Soul & EDM | Afro Vibezz",122.0,C# major,3B,0.431,afro,0.537,builder,0.605,15.74,0.0956,0.5988,0.1783,https://p.scdn.co/mp3-preview/1c9d7a2bfa6f39f8f7d9c8e2cf10592f5e12d338,Spotify public 30s preview; librosa 0.11 beat/chroma/HPSS/RMS/onset analysis
spotify-4evs5hmj8J4cJzcMgylQzl,4evs5hmj8J4cJzcMgylQzl,Home,"RBØR, Tayllor, CRAYA, Mr. V",270,"Techno, Afro, Soul & EDM | Afro Vibezz",122.0,E major,12B,0.278,afro,0.379,opener,0.624,15.74,0.0537,0.4962,0.203,https://p.scdn.co/mp3-preview/c245c42b8c6763f7fc7219d618bc38f179d1d481,Spotify public 30s preview; librosa 0.11 beat/chroma/HPSS/RMS/onset analysis
spotify-2NES935FgVCZnwpimrxAJ6,2NES935FgVCZnwpimrxAJ6,La Colegiala,Afro Club,279,"Techno, Afro, Soul & EDM | Afro Vibezz",122.0,G minor,6A,0.631,afro,0.73,vocal,0.595,15.72,0.1376,0.7245,0.0911,https://p.scdn.co/mp3-preview/cfd5e84c6e6eb619a36cb3994535995d058a8a15,Spotify public 30s preview; librosa 0.11 beat/chroma/HPSS/RMS/onset analysis
spotify-7nhwdbIZnJBspw1L9KDT4W,7nhwdbIZnJBspw1L9KDT4W,Mamacita,Yung Omz ,128,"Techno, Afro, Soul & EDM | Afro Vibezz",123.0,G minor,6A,0.44,afro,0.449,builder,0.772,15.61,0.059,0.5421,0.2588,https://p.scdn.co/mp3-preview/8a49c9905e4aec3bd09cf7d8da9c5842e53fba02,Spotify public 30s preview; librosa 0.11 beat/chroma/HPSS/RMS/onset analysis
spotify-1B1Ww52x3r3yH6mtAuhrie,1B1Ww52x3r3yH6mtAuhrie,Papele,"LEWS, Major League Djz, Daytona, Untitled Audio",146,"Techno, Afro, Soul & EDM | Afro Vibezz | Techno Vibezz",122.0,F# minor,11A,0.742,afro,0.576,bridge,0.596,15.74,0.2682,0.6241,0.1737,https://p.scdn.co/mp3-preview/3075bfd112c4c90356a3a434066321f484baba50,Spotify public 30s preview; librosa 0.11 beat/chroma/HPSS/RMS/onset analysis
spotify-70cLs3sjUFOKJroS191fgw,70cLs3sjUFOKJroS191fgw,POR FAVOR,Marc Moon,149,"Techno, Afro, Soul & EDM | Afro Vibezz",125.0,B minor,10A,0.375,afro,0.536,builder,0.675,15.36,0.0802,0.5984,0.1694,https://p.scdn.co/mp3-preview/8691353f7c2a0c3bb28b4b99bb0a31a27ae0e28f,Spotify public 30s preview; librosa 0.11 beat/chroma/HPSS/RMS/onset analysis
spotify-6cQZ6GKDkFDj0iGsjFfyq2,6cQZ6GKDkFDj0iGsjFfyq2,Shake,"Crisologo, ADDAM (BE)",227,"Techno, Afro, Soul & EDM | Afro Vibezz",122.0,C minor,5A,0.394,afro,0.235,builder,0.647,15.74,0.1005,0.4028,0.2261,https://p.scdn.co/mp3-preview/992918373e502c6a4ea509c47a285988f9a66522,Spotify public 30s preview; librosa 0.11 beat/chroma/HPSS/RMS/onset analysis
spotify-7GBhtxd4eVgA635ozUZSaj,7GBhtxd4eVgA635ozUZSaj,Smile,Lucca Saettone,214,"Techno, Afro, Soul & EDM | Afro Vibezz",122.0,E minor,9A,0.696,afro,0.455,bridge,0.668,15.74,0.1392,0.546,0.2468,https://p.scdn.co/mp3-preview/ca6e001d686f3aae6586e13baaeb6d22020f626c,Spotify public 30s preview; librosa 0.11 beat/chroma/HPSS/RMS/onset analysis
spotify-1nsGJGpzFoD8O3CkeU8mpj,1nsGJGpzFoD8O3CkeU8mpj,Sueño,DANOR,320,"Techno, Afro, Soul & EDM | Afro Vibezz",122.0,F# minor,11A,0.829,afro,0.573,peak,0.589,29.71,0.2883,0.6227,0.1481,https://p.scdn.co/mp3-preview/5a8a09527102fca587f86b354d5d74fad9e17fe1,Spotify public 30s preview; librosa 0.11 beat/chroma/HPSS/RMS/onset analysis
spotify-1B27a06OAQx7CS46plr5pU,1B27a06OAQx7CS46plr5pU,Toca Toca,"Sistek, Morry, Fly Project",158,"Techno, Afro, Soul & EDM | Afro Vibezz",125.0,F# minor,11A,0.665,afro,0.602,bridge,0.606,15.49,0.1693,0.6413,0.1805,https://p.scdn.co/mp3-preview/062d24c307978401b48958bbc939a0755c2202e2,Spotify public 30s preview; librosa 0.11 beat/chroma/HPSS/RMS/onset analysis
spotify-7Fr8keCD6Ixkd5XCpC6EUv,7Fr8keCD6Ixkd5XCpC6EUv,Yo Te Sigo,Daww,157,"Techno, Afro, Soul & EDM | Afro Vibezz",122.0,E major,12B,0.554,afro,0.632,bridge,0.743,15.74,0.1283,0.6607,0.1471,https://p.scdn.co/mp3-preview/bd1aa58454b312735bb55edec72cb2dc30091e09,Spotify public 30s preview; librosa 0.11 beat/chroma/HPSS/RMS/onset analysis
spotify-2a2PjEwfXJn861qHXzJQHh,2a2PjEwfXJn861qHXzJQHh,Ze Roberto,Moojo,199,"Techno, Afro, Soul & EDM | Afro Vibezz",117.0,F# minor,11A,0.319,afro,0.274,opener,0.635,16.25,0.0526,0.4278,0.2288,https://p.scdn.co/mp3-preview/0d222c63b54b2af08b8b387c6614880bc60db94a,Spotify public 30s preview; librosa 0.11 beat/chroma/HPSS/RMS/onset analysis
spotify-4U8vV8j993rpMdFn4dCn29,4U8vV8j993rpMdFn4dCn29,Sinnerman - 2022 Original Version,Siwell,202,"Techno, Afro, Soul & EDM | Techno Vibezz",125.0,B minor,10A,0.724,techno,0.704,bridge,0.641,29.71,0.3056,0.7074,0.1145,https://p.scdn.co/mp3-preview/1d159842b2c8900f8e82a0b9009e12c2a53180f9,Spotify public 30s preview; librosa 0.11 beat/chroma/HPSS/RMS/onset analysis
spotify-1eitq6c6J9H8GyJYQxq6h1,1eitq6c6J9H8GyJYQxq6h1,Close To Me,"DAMIANO, Adrian Saguna",156,"Techno, Afro, Soul & EDM | Techno Vibezz",120.0,D minor,7A,0.695,techno,0.407,bridge,0.638,16.0,0.1683,0.5148,0.166,https://p.scdn.co/mp3-preview/e22dac56f544ae2529d24f3488f97cf2d295dbd7,Spotify public 30s preview; librosa 0.11 beat/chroma/HPSS/RMS/onset analysis
spotify-5KhyfCzCrjGfCRKHruIUl7,5KhyfCzCrjGfCRKHruIUl7,Quiver,"Colbora, CVALM, Budai House Clique",229,"Techno, Afro, Soul & EDM | Techno Vibezz",120.0,G major,9B,0.288,techno,0.576,opener,0.662,16.02,0.0687,0.6242,0.141,https://p.scdn.co/mp3-preview/933da3f62bc4ab4da1b7c6ad4b458c6a4332c4b2,Spotify public 30s preview; librosa 0.11 beat/chroma/HPSS/RMS/onset analysis
spotify-7crWP5nmpVQunuekqftSEr,7crWP5nmpVQunuekqftSEr,Yapa,"Josef Schumacher, Tobi Xander",210,"Techno, Afro, Soul & EDM | Techno Vibezz",123.0,E minor,9A,0.657,techno,0.343,bridge,0.607,15.61,0.207,0.4728,0.2091,https://p.scdn.co/mp3-preview/8824d51ad85bdc6453a2123cf1237bed7a037bc9,Spotify public 30s preview; librosa 0.11 beat/chroma/HPSS/RMS/onset analysis
spotify-28HAfQASgRFtJiJO95P0RY,28HAfQASgRFtJiJO95P0RY,Senolo,AFRONOM,252,"Techno, Afro, Soul & EDM | Afro Vibezz",123.0,D minor,7A,0.677,afro,0.469,bridge,0.62,15.61,0.1688,0.5546,0.16,https://p.scdn.co/mp3-preview/4fb92a6d0228f2abfff131534f0a6dec9a05cf66,Spotify public 30s preview; librosa 0.11 beat/chroma/HPSS/RMS/onset analysis
spotify-0OhOvavl37Rul1t8TlBMcv,0OhOvavl37Rul1t8TlBMcv,Need U,Mydoz,167,"Techno, Afro, Soul & EDM | Afro Vibezz",123.0,A minor,8A,0.309,afro,0.536,opener,0.747,15.6,0.0329,0.5982,0.119,https://p.scdn.co/mp3-preview/bfbe3c22eef25484c19acac1d2afe0d1dca68948,Spotify public 30s preview; librosa 0.11 beat/chroma/HPSS/RMS/onset analysis
spotify-5BhdMEXbQirRV4QYHoz96P,5BhdMEXbQirRV4QYHoz96P,Eres Para Mí - Radio Edit,Nico Falla,192,"Techno, Afro, Soul & EDM | Tech House Vibezz",126.0,B minor,10A,0.41,tech-house,0.461,builder,0.771,29.71,0.1835,0.5497,0.1863,https://p.scdn.co/mp3-preview/edf1c8504045be9f912ecf0c1bc3ddeac50e0c92,Spotify public 30s preview; librosa 0.11 beat/chroma/HPSS/RMS/onset analysis
spotify-4OHTMdFofGPrSZJqKn4yBm,4OHTMdFofGPrSZJqKn4yBm,LA TRAVESÍA (Tech House),ToniTega,144,"Techno, Afro, Soul & EDM | Tech House Vibezz",128.0,E major,12B,0.457,tech-house,0.255,bridge,0.721,14.91,0.0861,0.4156,0.3134,https://p.scdn.co/mp3-preview/71d9d46faa8ca800a5a5c7af4f78c3fc36323c04,Spotify public 30s preview; librosa 0.11 beat/chroma/HPSS/RMS/onset analysis
spotify-6oNdUnlUnXFDsiMY6yC1ti,6oNdUnlUnXFDsiMY6yC1ti,Happy Days - Radio Edit,Sweetpower,170,"Techno, Afro, Soul & EDM | House Vibezz",123.0,F# minor,11A,0.662,house,0.268,bridge,0.693,29.71,0.1698,0.4242,0.2663,https://p.scdn.co/mp3-preview/45c0423fb5b93b6575f3a3b4ad580e08cf59e15a,Spotify public 30s preview; librosa 0.11 beat/chroma/HPSS/RMS/onset analysis
spotify-5ARMoO6PMW5XzN00dwTYW2,5ARMoO6PMW5XzN00dwTYW2,Suéltate,Greg Elenis,194,"Techno, Afro, Soul & EDM | House Vibezz",120.0,F minor,4A,0.694,house,0.682,bridge,0.602,16.0,0.1839,0.6935,0.1283,https://p.scdn.co/mp3-preview/37edd6a3d627cde167ae4b541efed50b2ee0502e,Spotify public 30s preview; librosa 0.11 beat/chroma/HPSS/RMS/onset analysis
spotify-28Dw5KTUvyauj8RZnc8r2N,28Dw5KTUvyauj8RZnc8r2N,Celular,Sistek,222,"Techno, Afro, Soul & EDM | Afro Vibezz",125.0,D# major,5B,0.845,afro,0.521,peak,0.702,15.48,0.2128,0.5887,0.1928,https://p.scdn.co/mp3-preview/dadac16c32dcf1babfb8499ef8e6cecf08bcc580,Spotify public 30s preview; librosa 0.11 beat/chroma/HPSS/RMS/onset analysis
spotify-32Yqrfs4BwDhCmF78Y3he9,32Yqrfs4BwDhCmF78Y3he9,Contigo Riddim,Malik,153,"Techno, Afro, Soul & EDM | Afro Vibezz",122.0,B minor,10A,0.488,afro,0.364,bridge,0.68,15.87,0.1467,0.4867,0.2303,https://p.scdn.co/mp3-preview/d2fb64ab8a0911c4fcd0385996c1d725288aaa4e,Spotify public 30s preview; librosa 0.11 beat/chroma/HPSS/RMS/onset analysis
spotify-200DiJQhDi69nkGXOrrJgn,200DiJQhDi69nkGXOrrJgn,The Rapture Pt.III,"&ME, Black Coffee, Keinemusik",417,"Techno, Afro, Soul & EDM | Afro Vibezz",120.0,E minor,9A,0.694,afro,0.312,bridge,0.572,29.71,0.4036,0.4525,0.2474,https://p.scdn.co/mp3-preview/4dde4d26bba765dc65074e8ddb335199c69b145f,Spotify public 30s preview; librosa 0.11 beat/chroma/HPSS/RMS/onset analysis
spotify-2GwsSbo6IbNDVvcm9rtmal,2GwsSbo6IbNDVvcm9rtmal,Say What,"Rampa, Adam Port, &ME, chuala, Keinemusik",181,"Techno, Afro, Soul & EDM | Afro Vibezz",120.0,D major,10B,0.786,afro,0.259,peak,0.63,16.0,0.3631,0.4186,0.298,https://p.scdn.co/mp3-preview/329550cc18a974d4dd90f156c0dbbb9fa830e078,Spotify public 30s preview; librosa 0.11 beat/chroma/HPSS/RMS/onset analysis
spotify-093uABBO0VQxuHUgr4na2C,093uABBO0VQxuHUgr4na2C,After Everything,Miiles44,147,"Techno, Afro, Soul & EDM | House Vibezz",112.0,B minor,10A,0.579,house,0.533,bridge,0.672,17.48,0.1793,0.5966,0.171,https://p.scdn.co/mp3-preview/79da5a11b9ab0e2c356c637a2ed0155c5968838a,Spotify public 30s preview; librosa 0.11 beat/chroma/HPSS/RMS/onset analysis
spotify-1de6YDcMK93DRCIv71DPYA,1de6YDcMK93DRCIv71DPYA,Where Did Your Love Go,"Moonshine, Sincerely Suav",181,"Techno, Afro, Soul & EDM | House Vibezz",112.0,F minor,4A,0.57,house,0.502,bridge,0.563,17.6,0.1569,0.5762,0.1841,https://p.scdn.co/mp3-preview/4174f4cca601d09a78e0e4e0e4beb7254ffdaa43,Spotify public 30s preview; librosa 0.11 beat/chroma/HPSS/RMS/onset analysis
spotify-4JdJb1IvZ2AacLemLGonDy,4JdJb1IvZ2AacLemLGonDy,Hello (The Sun Is Up Where Are You),Mizmo,191,"Techno, Afro, Soul & EDM | House Vibezz",125.0,F minor,4A,0.483,house,0.655,bridge,0.721,15.47,0.106,0.6756,0.1588,https://p.scdn.co/mp3-preview/35f30e4137d3a3c16c5ff6587caf953ed27bd955,Spotify public 30s preview; librosa 0.11 beat/chroma/HPSS/RMS/onset analysis
spotify-72qknjLxZXE6iE6h27sIHY,72qknjLxZXE6iE6h27sIHY,nobody (make me feel),"oskar med k, Khalid",165,"Techno, Afro, Soul & EDM | House Vibezz",125.0,F# minor,11A,0.454,house,0.53,builder,0.602,15.4,0.059,0.5948,0.1115,https://p.scdn.co/mp3-preview/1651db735b2e8d6228d8dd88f111cdc6149a11c8,Spotify public 30s preview; librosa 0.11 beat/chroma/HPSS/RMS/onset analysis
spotify-0l7cfP9dZBrkkNkR7NXnQO,0l7cfP9dZBrkkNkR7NXnQO,Gimme That Bounce,Mau P,217,"Techno, Afro, Soul & EDM | Tech House Vibezz",126.0,D# major,5B,0.904,tech-house,0.321,peak,0.592,29.71,0.4234,0.459,0.235,https://p.scdn.co/mp3-preview/356b3442a066dbefdf790db0ac4ff45d8f63dd6d,Spotify public 30s preview; librosa 0.11 beat/chroma/HPSS/RMS/onset analysis
spotify-10pfamFYvg5ftwq6rGJrWx,10pfamFYvg5ftwq6rGJrWx,Can't Decide,"Max Dean, Luke Dean, Locky",175,"Techno, Afro, Soul & EDM | Tech House Vibezz",131.0,G# major,4B,0.431,tech-house,0.278,builder,0.67,29.71,0.1969,0.4309,0.2476,https://p.scdn.co/mp3-preview/32fad67cfd3e55251769568cd7ebba544984a1fe,Spotify public 30s preview; librosa 0.11 beat/chroma/HPSS/RMS/onset analysis
spotify-3DqOJ2BoddzZpNdty3okJH,3DqOJ2BoddzZpNdty3okJH,RIZZ,AYYBO,200,"Techno, Afro, Soul & EDM | Tech House Vibezz",128.0,G major,9B,0.562,tech-house,0.04,bridge,0.661,15.12,0.1842,0.2724,0.4905,https://p.scdn.co/mp3-preview/31c201e14a505353918ee6cb1ba52393a3755c5c,Spotify public 30s preview; librosa 0.11 beat/chroma/HPSS/RMS/onset analysis
spotify-6KrrcOQiX7NQ4h038wKTUy,6KrrcOQiX7NQ4h038wKTUy,neck,Mau P,220,"Techno, Afro, Soul & EDM | Tech House Vibezz",129.0,G major,9B,0.648,tech-house,0.329,bridge,0.566,14.88,0.1516,0.464,0.2506,https://p.scdn.co/mp3-preview/37fc157d9bb464c4cfd3f3d17aa772b005c051bc,Spotify public 30s preview; librosa 0.11 beat/chroma/HPSS/RMS/onset analysis
spotify-0PaZ052mHgQ1Ky2uDoa6Tr,0PaZ052mHgQ1Ky2uDoa6Tr,Take It Away,"Lucas Estrada, Heliograph, Palm Brothers, Palau",172,"Techno, Afro, Soul & EDM | Afro Vibezz",120.0,D major,10B,0.503,afro,0.564,bridge,0.705,16.0,0.1042,0.6165,0.1793,https://p.scdn.co/mp3-preview/22ad6df662b0a7f2bcb06cbac1843bf4b42e5309,Spotify public 30s preview; librosa 0.11 beat/chroma/HPSS/RMS/onset analysis
spotify-0tlAgfYIDCcJ3qxP9nzmHE,0tlAgfYIDCcJ3qxP9nzmHE,Hypnotized,"Lucas Estrada, Heliograph, Samuel Prince",177,"Techno, Afro, Soul & EDM | Afro Vibezz",123.0,F# minor,11A,0.331,afro,0.524,builder,0.707,15.6,0.0549,0.5905,0.2073,https://p.scdn.co/mp3-preview/a44224ff18d308b75bf5d43d91b6ac59b4982cbc,Spotify public 30s preview; librosa 0.11 beat/chroma/HPSS/RMS/onset analysis
spotify-1WEvnyNP1MxPnMsYqFd3dk,1WEvnyNP1MxPnMsYqFd3dk,Your Love,"Heliograph, Amè",155,"Techno, Afro, Soul & EDM | Afro Vibezz",120.0,F minor,4A,0.451,afro,0.264,bridge,0.734,16.0,0.1186,0.4217,0.2661,https://p.scdn.co/mp3-preview/1e3d14293ccea5896456eee6af26bea9bd01c3b8,Spotify public 30s preview; librosa 0.11 beat/chroma/HPSS/RMS/onset analysis
spotify-1YH2pK01IAb9S7JiKT1MPu,1YH2pK01IAb9S7JiKT1MPu,You're So Bad,"Lucas Estrada, Heliograph, Samuel Prince",198,"Techno, Afro, Soul & EDM | Afro Vibezz",122.0,F# minor,11A,0.829,afro,0.591,peak,0.638,15.74,0.1862,0.6341,0.1435,https://p.scdn.co/mp3-preview/961a8d2a9b985134de6af539763f13d727fa3da0,Spotify public 30s preview; librosa 0.11 beat/chroma/HPSS/RMS/onset analysis
spotify-2aTHmDr4tQkdJmVPJyfmgL,2aTHmDr4tQkdJmVPJyfmgL,Nuthin’ But A “G” Thang,"aMouse, Heliograph",205,"Techno, Afro, Soul & EDM | Afro Vibezz",117.0,B major,1B,0.728,afro,0.547,bridge,0.579,16.27,0.165,0.6055,0.1634,https://p.scdn.co/mp3-preview/259ebb37786f4407b8e38948d13086550030e902,Spotify public 30s preview; librosa 0.11 beat/chroma/HPSS/RMS/onset analysis
spotify-3Bnc1jf9daAooE7dfYZkV4,3Bnc1jf9daAooE7dfYZkV4,We Dance,"Lucas Estrada, Heliograph, Palau",204,"Techno, Afro, Soul & EDM | Afro Vibezz",117.0,C# major,3B,0.537,afro,0.436,bridge,0.576,16.27,0.1028,0.5331,0.1876,https://p.scdn.co/mp3-preview/1e1bdc5a14e81ca661340e40b19f41fa412ba0e3,Spotify public 30s preview; librosa 0.11 beat/chroma/HPSS/RMS/onset analysis
spotify-3CGJ2KUaPOprDlKz9XgiF7,3CGJ2KUaPOprDlKz9XgiF7,One Kiss,"Heliograph, Palau",165,"Techno, Afro, Soul & EDM | Afro Vibezz",122.0,D# minor,2A,0.51,afro,0.625,bridge,0.584,15.74,0.1219,0.6563,0.1391,https://p.scdn.co/mp3-preview/ea6b8b838c010ba92b7060f0c4132085fafdb284,Spotify public 30s preview; librosa 0.11 beat/chroma/HPSS/RMS/onset analysis
spotify-3dXrYAexwAonlygTs1cDOn,3dXrYAexwAonlygTs1cDOn,Moonlight,Heliograph,186,"Techno, Afro, Soul & EDM | Afro Vibezz",122.0,D major,10B,0.466,afro,0.594,bridge,0.586,15.74,0.1269,0.6362,0.1308,https://p.scdn.co/mp3-preview/bbac3ed716f309f60488606fd78b15cf5e9c7d85,Spotify public 30s preview; librosa 0.11 beat/chroma/HPSS/RMS/onset analysis
spotify-6M7jWqrOtwMxycjbYXhipu,6M7jWqrOtwMxycjbYXhipu,Love Everything You Do,Heliograph,157,"Techno, Afro, Soul & EDM | Afro Vibezz",120.0,G# minor,1A,0.403,afro,0.317,builder,0.643,16.0,0.1147,0.4561,0.2377,https://p.scdn.co/mp3-preview/17e72192bb0bbd85437e9597f37736a7fa77a991,Spotify public 30s preview; librosa 0.11 beat/chroma/HPSS/RMS/onset analysis
spotify-7LapSXUTWUXy5r55fSi9gf,7LapSXUTWUXy5r55fSi9gf,Dale Papi,"Vidojean X Oliver Loenn, Heliograph, Berat Oz",167,"Techno, Afro, Soul & EDM | Afro Vibezz",120.0,F# minor,11A,0.533,afro,0.511,bridge,0.552,16.0,0.1838,0.5824,0.2061,https://p.scdn.co/mp3-preview/1742fc4392f244d5154b0fdbbb1d155314420fa3,Spotify public 30s preview; librosa 0.11 beat/chroma/HPSS/RMS/onset analysis
spotify-7uS9LjYK2CV7WGWj44tYV7,7uS9LjYK2CV7WGWj44tYV7,Sweat,Heliograph,160,"Techno, Afro, Soul & EDM | Afro Vibezz",126.0,D major,10B,0.598,afro,0.621,bridge,0.78,15.24,0.1618,0.6534,0.1422,https://p.scdn.co/mp3-preview/c1bdcd86b8d90a6c57b76c965f991496abe2aad6,Spotify public 30s preview; librosa 0.11 beat/chroma/HPSS/RMS/onset analysis
spotify-21fAjb3K01LujY841IMbtA,21fAjb3K01LujY841IMbtA,Ira - Yubik Remix,"Enai, Yubik",343,"Techno, Afro, Soul & EDM | Techno Vibezz",123.0,C minor,5A,0.621,techno,0.624,bridge,0.639,29.71,0.1573,0.6555,0.1129,https://p.scdn.co/mp3-preview/7be2e2f490e966ff830efc4fe0caf7b29a0b27ec,Spotify public 30s preview; librosa 0.11 beat/chroma/HPSS/RMS/onset analysis
spotify-22LA2VZOMM5TEFA7yu1o9B,22LA2VZOMM5TEFA7yu1o9B,World's Perception - Enai Remix,"Hollt, Enai",288,"Techno, Afro, Soul & EDM | Techno Vibezz",125.0,D minor,7A,0.906,techno,0.388,peak,0.656,29.71,0.3262,0.5023,0.231,https://p.scdn.co/mp3-preview/7bf1756074ab70a74707ccc60c5bb9a8d0be51cd,Spotify public 30s preview; librosa 0.11 beat/chroma/HPSS/RMS/onset analysis
spotify-30Z6Dp5Ddy6FN3xjm1XXLS,30Z6Dp5Ddy6FN3xjm1XXLS,DONA,"Argy, Omiki",169,"Techno, Afro, Soul & EDM | Techno Vibezz",132.0,D# major,5B,0.44,techno,0.49,builder,0.73,29.09,0.1629,0.5683,0.1621,https://p.scdn.co/mp3-preview/a28c4be6cba6e57b9ce3fb4fded9470c1e3d57c4,Spotify public 30s preview; librosa 0.11 beat/chroma/HPSS/RMS/onset analysis
spotify-3s7tZDGRWJ4wL8x9na9MKE,3s7tZDGRWJ4wL8x9na9MKE,Dream,Ontonic,260,"Techno, Afro, Soul & EDM | Techno Vibezz",120.0,B major,1B,0.225,techno,0.688,opener,0.683,15.97,0.0525,0.6974,0.071,https://p.scdn.co/mp3-preview/8412ab4f27dbdea44eef069c9bc0d152b49006a4,Spotify public 30s preview; librosa 0.11 beat/chroma/HPSS/RMS/onset analysis
spotify-6n9Nhx5nhAPrsnjQpL8zna,6n9Nhx5nhAPrsnjQpL8zna,Giza,"Anyma, 19:26",299,"Techno, Afro, Soul & EDM | Techno Vibezz",131.0,G minor,6A,0.714,techno,0.578,bridge,0.746,25.24,0.1402,0.6256,0.1586,https://p.scdn.co/mp3-preview/aae049ebb49216b02d8bf06982722ad6b2c92111,Spotify public 30s preview; librosa 0.11 beat/chroma/HPSS/RMS/onset analysis
spotify-6u5uJUkN4Virf2lLxRCcve,6u5uJUkN4Virf2lLxRCcve,Universe,Ontonic,227,"Techno, Afro, Soul & EDM | Techno Vibezz",120.0,D# minor,2A,0.283,techno,0.746,vocal,0.67,15.99,0.0585,0.7346,0.0828,https://p.scdn.co/mp3-preview/65c1a5e2e419986d9b09101a813b1921c2007cae,Spotify public 30s preview; librosa 0.11 beat/chroma/HPSS/RMS/onset analysis
spotify-2da0QdMmeCnZURi2Pdy2Sj,2da0QdMmeCnZURi2Pdy2Sj,Lavisa,Jason Padrone,228,"Techno, Afro, Soul & EDM | Afro Vibezz",120.0,G minor,6A,0.842,afro,0.801,vocal,0.601,29.71,0.1959,0.7706,0.0979,https://p.scdn.co/mp3-preview/9a2fe38b72b9449e85d582fac24b0e233441329b,Spotify public 30s preview; librosa 0.11 beat/chroma/HPSS/RMS/onset analysis
spotify-2yejwvLnmVFtwrMQlaRWgP,2yejwvLnmVFtwrMQlaRWgP,El Dorado,"HotLap, UVITA",193,"Techno, Afro, Soul & EDM | Afro Vibezz",120.0,F# minor,11A,0.907,afro,0.395,peak,0.633,16.0,0.381,0.5069,0.1937,https://p.scdn.co/mp3-preview/4b5d02b948aa896c0b5050ec000a98a9e0509e1f,Spotify public 30s preview; librosa 0.11 beat/chroma/HPSS/RMS/onset analysis
spotify-5jpXBy9DB4kbuNLwGceYOy,5jpXBy9DB4kbuNLwGceYOy,Mind,"KEKURA, Kalyma, YOSHE",239,"Techno, Afro, Soul & EDM | Afro Vibezz",122.0,F# major,2B,0.657,afro,0.763,vocal,0.522,15.73,0.1138,0.7458,0.1039,https://p.scdn.co/mp3-preview/7d9ad426b9ebecc242f6b9f063ff77f960e83375,Spotify public 30s preview; librosa 0.11 beat/chroma/HPSS/RMS/onset analysis
spotify-0G6r9pghzSm8gGfgV64pHn,0G6r9pghzSm8gGfgV64pHn,Melodia,"Argy, MEDUZA, PollyAnna",183,"Techno, Afro, Soul & EDM | Techno Vibezz",132.0,A# minor,3A,0.239,techno,0.578,opener,0.789,29.12,0.0673,0.626,0.1192,https://p.scdn.co/mp3-preview/4fb16f2520a841556205eb248d68a72d527f2fa0,Spotify public 30s preview; librosa 0.11 beat/chroma/HPSS/RMS/onset analysis
spotify-1GBBbKOarAJ38HwIfLcOji,1GBBbKOarAJ38HwIfLcOji,Eternity,"Anyma, Chris Avantgarde",186,"Techno, Afro, Soul & EDM | Techno Vibezz",125.0,C major,8B,0.779,techno,0.57,peak,0.643,29.71,0.3378,0.6204,0.1538,https://p.scdn.co/mp3-preview/d5ff3acbfa133d9084ffb516907530958d22514a,Spotify public 30s preview; librosa 0.11 beat/chroma/HPSS/RMS/onset analysis
spotify-6mAIXsvt8eEIKSskw3YPth,6mAIXsvt8eEIKSskw3YPth,Hypnotized (feat. Ellie Goulding),"Anyma, Ellie Goulding",180,"Techno, Afro, Soul & EDM | Techno Vibezz",125.0,G major,9B,0.535,techno,0.459,bridge,0.54,15.36,0.109,0.5485,0.1388,https://p.scdn.co/mp3-preview/bbee68c9789ac7e79b7f3d5c02dd3596d0bf42de,Spotify public 30s preview; librosa 0.11 beat/chroma/HPSS/RMS/onset analysis
spotify-6XqcxYifLCONJ1UWIX6HHZ,6XqcxYifLCONJ1UWIX6HHZ,Puer,Cherry (UA),205,"Techno, Afro, Soul & EDM | Techno Vibezz",126.0,E minor,9A,0.531,techno,0.673,bridge,0.55,15.24,0.0808,0.6875,0.1228,https://p.scdn.co/mp3-preview/c77abd4e951e2b535541d00f9a387239bfcd25bf,Spotify public 30s preview; librosa 0.11 beat/chroma/HPSS/RMS/onset analysis
spotify-7KxCyR3pCUqH136EvCDMun,7KxCyR3pCUqH136EvCDMun,Pictures Of You - Cassian Remix,"Anyma, Cassian",243,"Techno, Afro, Soul & EDM | Techno Vibezz",128.0,E minor,9A,0.74,techno,0.543,bridge,0.716,29.71,0.2814,0.603,0.1182,https://p.scdn.co/mp3-preview/dc44826cbd934cdb3f466cfcb902676c6fcfcbcd,Spotify public 30s preview; librosa 0.11 beat/chroma/HPSS/RMS/onset analysis
spotify-5z9gPjsnHWvSj6F8rP50Pu,5z9gPjsnHWvSj6F8rP50Pu,Do U Wanna (Extended Mix),"Naarly, Moonshine, Lucas Estrada",250,"Techno, Afro, Soul & EDM | Afro Vibezz",123.0,F# minor,11A,0.52,afro,0.327,bridge,0.732,15.6,0.1955,0.4625,0.3153,https://p.scdn.co/mp3-preview/7a4e04977b9a0796dcb903e61a96e803b5cc1ac5,Spotify public 30s preview; librosa 0.11 beat/chroma/HPSS/RMS/onset analysis
spotify-4dJVDcdrTwB0sDBbw4TfXR,4dJVDcdrTwB0sDBbw4TfXR,Window Shake,"Argy, SOLANCE",156,"Techno, Afro, Soul & EDM | Techno Vibezz",129.0,D# minor,2A,0.728,techno,0.658,bridge,0.55,14.88,0.0973,0.6776,0.1279,https://p.scdn.co/mp3-preview/6c7cc4222388887826230d28998d8ca1e3b3d3f2,Spotify public 30s preview; librosa 0.11 beat/chroma/HPSS/RMS/onset analysis
spotify-0Qp3W3eVtMJstjG8wOGYTY,0Qp3W3eVtMJstjG8wOGYTY,You,"LEWS, nobodyknowsjones",140,"Techno, Afro, Soul & EDM | Afro Vibezz",123.0,D# minor,2A,0.3,afro,0.527,opener,0.654,16.92,0.0968,0.5924,0.1874,https://p.scdn.co/mp3-preview/b58d6037adbd514c67a00c7d38817cff6e6e22f3,Spotify public 30s preview; librosa 0.11 beat/chroma/HPSS/RMS/onset analysis
spotify-35dt2bP4CcBzepyufQbvYZ,35dt2bP4CcBzepyufQbvYZ,Fire Fire,"Shimza, AR/CO, Kasango",150,"Techno, Afro, Soul & EDM | Afro Vibezz",125.0,G minor,6A,0.491,afro,0.478,bridge,0.662,15.34,0.1223,0.561,0.1812,https://p.scdn.co/mp3-preview/6bff4c2adc4233f5214493b48682dbc88d99ec89,Spotify public 30s preview; librosa 0.11 beat/chroma/HPSS/RMS/onset analysis
spotify-3hH3ypxqE0JwYq4mfyYmlD,3hH3ypxqE0JwYq4mfyYmlD,Body,"Topic, Fireboy DML, Nico Santos",194,"Techno, Afro, Soul & EDM | Afro Vibezz",120.0,A# minor,3A,0.247,afro,0.493,opener,0.842,16.01,0.058,0.5706,0.1898,https://p.scdn.co/mp3-preview/832cb80b28c86aff61b947b63090435a7f8c009b,Spotify public 30s preview; librosa 0.11 beat/chroma/HPSS/RMS/onset analysis
spotify-3oKi7Fp9JhDLTKaW6fZLwO,3oKi7Fp9JhDLTKaW6fZLwO,Bad Girls Like You - English Version,"Tobii, DOLLA",186,"Techno, Afro, Soul & EDM | Afro Vibezz",133.0,E minor,9A,0.743,afro,0.684,bridge,0.713,19.2,0.1823,0.6945,0.1305,https://p.scdn.co/mp3-preview/2279710c7755567e5f51217fcb10c19bc43c0133,Spotify public 30s preview; librosa 0.11 beat/chroma/HPSS/RMS/onset analysis
spotify-3VXJln5ZvlvzbsjJFhRhZE,3VXJln5ZvlvzbsjJFhRhZE,Addicted (feat. TIMID.),"Naarly, Daytona, LEWS, FIRSTCLASS, TIMID.",134,"Techno, Afro, Soul & EDM | Afro Vibezz",120.0,G# minor,1A,0.479,afro,0.518,bridge,0.52,15.88,0.1218,0.5865,0.1769,https://p.scdn.co/mp3-preview/6a98f5f969e0bbd60c5ede525ead1dd8f36fdee8,Spotify public 30s preview; librosa 0.11 beat/chroma/HPSS/RMS/onset analysis
spotify-4zBLxrB4WI9tu7wO9PIJM3,4zBLxrB4WI9tu7wO9PIJM3,Aluna (Afro House),Dj Vini,253,"Techno, Afro, Soul & EDM | Afro Vibezz",123.0,G# minor,1A,0.613,tribal,0.04,bridge,0.543,15.6,0.229,0.2607,0.4769,https://p.scdn.co/mp3-preview/f77ef5d6040c7fc6a44b2e0bbb8eb8d1feb94c69,Spotify public 30s preview; librosa 0.11 beat/chroma/HPSS/RMS/onset analysis
spotify-5ZUIPLoTLJZrPQh2kFZEUM,5ZUIPLoTLJZrPQh2kFZEUM,Addicted,"Zerb, The Chainsmokers, Ink",152,"Techno, Afro, Soul & EDM | Afro Vibezz",120.0,F minor,4A,0.885,afro,0.591,peak,0.594,29.71,0.3936,0.634,0.1427,https://p.scdn.co/mp3-preview/0f6ed1e0061fffcc2e67d06f33a8a92ab7cf2952,Spotify public 30s preview; librosa 0.11 beat/chroma/HPSS/RMS/onset analysis
spotify-0LGUxRAobq2shxKN3xtnMJ,0LGUxRAobq2shxKN3xtnMJ,Weyu,"Lucas Estrada, Lenji, Amadi Blue",133,"Techno, Afro, Soul & EDM | Afro Vibezz",117.0,F# minor,11A,0.507,afro,0.461,bridge,0.846,16.41,0.1087,0.5494,0.1854,https://p.scdn.co/mp3-preview/e4b6005c913eb224d99ebc426527cd120492b98a,Spotify public 30s preview; librosa 0.11 beat/chroma/HPSS/RMS/onset analysis
spotify-0ntYber3YdK1ESxE9LiXoc,0ntYber3YdK1ESxE9LiXoc,Move,"Stryv, Camila Cabello, Malachiii, Adam Port, Keinemusik, Orso",180,"Techno, Afro, Soul & EDM | Afro Vibezz",120.0,G# minor,1A,0.465,afro,0.621,bridge,0.637,16.0,0.1886,0.6538,0.136,https://p.scdn.co/mp3-preview/77e409ffdb53f4563a530f807c0866e46b9ceb9a,Spotify public 30s preview; librosa 0.11 beat/chroma/HPSS/RMS/onset analysis
spotify-2D9coh76MCXNqDEUCHl5vl,2D9coh76MCXNqDEUCHl5vl,AWGAZI,"Palm Monkey, RUSSI, The Palm Tree Boy",166,"Techno, Afro, Soul & EDM | Afro Vibezz",117.0,G# major,4B,0.492,afro,0.465,bridge,0.693,16.27,0.1125,0.5523,0.1484,https://p.scdn.co/mp3-preview/480aee0c2bf9118b073ddd556aab57f8119021c2,Spotify public 30s preview; librosa 0.11 beat/chroma/HPSS/RMS/onset analysis
spotify-418UFQyQAk6qukmov5uHlr,418UFQyQAk6qukmov5uHlr,Temperatura,"Andor Gabriel, Jerome Sydor",228,"Techno, Afro, Soul & EDM | Afro Vibezz",120.0,C# major,3B,0.695,afro,0.403,bridge,0.632,15.99,0.2329,0.5121,0.1882,https://p.scdn.co/mp3-preview/148ff68a14ef6618caf7d5f30132bd4f5b540ee5,Spotify public 30s preview; librosa 0.11 beat/chroma/HPSS/RMS/onset analysis
spotify-5nPbKG04fhLkIAjcPFaZq7,5nPbKG04fhLkIAjcPFaZq7,I Adore You (feat. Daecolm),"HUGEL, Topic, Arash, Daecolm",214,"Techno, Afro, Soul & EDM | Afro Vibezz",120.0,E minor,9A,0.832,afro,0.672,peak,0.593,29.71,0.2216,0.6871,0.1232,https://p.scdn.co/mp3-preview/b3e7350b1d594e2b87d7dd7901f9c3e40e069865,Spotify public 30s preview; librosa 0.11 beat/chroma/HPSS/RMS/onset analysis
spotify-76952ZbAHlgMqrIEMqYkgB,76952ZbAHlgMqrIEMqYkgB,Papaoutai - Afro Soul,"mikeeysmind, Chill77, Unjaps",279,"Techno, Afro, Soul & EDM | Afro Vibezz",136.0,C# major,3B,0.518,afro,0.644,builder,0.683,18.97,0.0654,0.6683,0.0983,https://p.scdn.co/mp3-preview/d57d7971274ceff4f23c1899ec3d5090b4d99bcf,Spotify public 30s preview; librosa 0.11 beat/chroma/HPSS/RMS/onset analysis
spotify-7BM311QgIRlXRTZsPCIsQP,7BM311QgIRlXRTZsPCIsQP,Away,"Topic, Sofiya Nzau",238,"Techno, Afro, Soul & EDM | Afro Vibezz",120.0,G# minor,1A,0.476,afro,0.52,builder,0.714,16.0,0.0725,0.5881,0.157,https://p.scdn.co/mp3-preview/03b3362b7e841d9804cf0ac4522d750894febf08,Spotify public 30s preview; librosa 0.11 beat/chroma/HPSS/RMS/onset analysis
spotify-0KVxwBlnjoxP9BOnZ4OfHo,0KVxwBlnjoxP9BOnZ4OfHo,Dame tu Mano (Take My Hand),"Heliograph, Palau",178,"Techno, Afro, Soul & EDM | Afro Vibezz",120.0,G minor,6A,0.485,afro,0.62,bridge,0.587,16.12,0.1165,0.653,0.1527,https://p.scdn.co/mp3-preview/2da494b72413d8943d137aa4cd08a1a28162632a,Spotify public 30s preview; librosa 0.11 beat/chroma/HPSS/RMS/onset analysis
spotify-0smB5zD5CJYMtdXvS2qS5A,0smB5zD5CJYMtdXvS2qS5A,Unforgettable,"Alok, Daecolm, Malou",154,"Techno, Afro, Soul & EDM | Afro Vibezz",120.0,E minor,9A,0.464,afro,0.581,bridge,0.588,16.0,0.0892,0.6275,0.1586,https://p.scdn.co/mp3-preview/1582e30acb5a98ce599002631afb1a5de960f728,Spotify public 30s preview; librosa 0.11 beat/chroma/HPSS/RMS/onset analysis
spotify-1lIT2ZiOQetROcnkCRK4pf,1lIT2ZiOQetROcnkCRK4pf,Azizam,"merchant, Jordan Grace",131,"Techno, Afro, Soul & EDM | Afro Vibezz",125.0,C# major,3B,0.643,afro,0.516,bridge,0.598,15.48,0.1872,0.5852,0.1343,https://p.scdn.co/mp3-preview/eab8bec6a9622b023a5c826addf6521f1f59c8bf,Spotify public 30s preview; librosa 0.11 beat/chroma/HPSS/RMS/onset analysis
spotify-1o9D0rUusi2V5idyOEOPII,1o9D0rUusi2V5idyOEOPII,Sweet Dreams (Are Made of This),"Winati, Moonshine, BELLMAN, Louise CS",176,"Techno, Afro, Soul & EDM | Afro Vibezz",126.0,A minor,8A,0.853,afro,0.697,peak,0.676,29.71,0.2522,0.7033,0.1232,https://p.scdn.co/mp3-preview/820d4ae9950b1d9d2d231b9b029525318e182804,Spotify public 30s preview; librosa 0.11 beat/chroma/HPSS/RMS/onset analysis
spotify-2jWZ9NZotZb2hN5obKx2FA,2jWZ9NZotZb2hN5obKx2FA,Loosen Up,"HUGEL, Dawty, Preston Harris",180,"Techno, Afro, Soul & EDM | Afro Vibezz",120.0,G minor,6A,0.656,afro,0.496,bridge,0.69,16.0,0.1928,0.5725,0.1748,https://p.scdn.co/mp3-preview/c6f50a98523da49f719200fa60847747de20a54a,Spotify public 30s preview; librosa 0.11 beat/chroma/HPSS/RMS/onset analysis
spotify-4hC6vZO3aw9SlsmMboQVJE,4hC6vZO3aw9SlsmMboQVJE,EYES,RUSSI,135,"Techno, Afro, Soul & EDM | Afro Vibezz",117.0,D# minor,2A,0.623,afro,0.387,bridge,0.699,16.27,0.1498,0.5017,0.2349,https://p.scdn.co/mp3-preview/969c900b5f39ab695a35d618804602a6da0130d0,Spotify public 30s preview; librosa 0.11 beat/chroma/HPSS/RMS/onset analysis
spotify-62zDU1uPbP5VzM1QEgPnae,62zDU1uPbP5VzM1QEgPnae,La Luna,Heliograph,186,"Techno, Afro, Soul & EDM | Afro Vibezz",120.0,C# major,3B,0.52,afro,0.512,bridge,0.65,16.01,0.146,0.5827,0.1651,https://p.scdn.co/mp3-preview/99784c90363bc46ba3980e0bcdec25049b5effad,Spotify public 30s preview; librosa 0.11 beat/chroma/HPSS/RMS/onset analysis
spotify-0bruK7CIEhyQO8tzeRTnjg,0bruK7CIEhyQO8tzeRTnjg,Waitin',HotLap,224,"Techno, Afro, Soul & EDM | Afro Vibezz",122.0,F# minor,11A,0.754,afro,0.353,lifter,0.624,15.73,0.2257,0.4795,0.2299,https://p.scdn.co/mp3-preview/6aaa20bcf6c0f7dcb2bcd7e74955747da4a62b2e,Spotify public 30s preview; librosa 0.11 beat/chroma/HPSS/RMS/onset analysis
spotify-2bR6kl5tv8SU8Ps0mrH8Wy,2bR6kl5tv8SU8Ps0mrH8Wy,Feel The Love - Hotlap Remix,"andhim, AMÉMÉ, Malou, Avi Snow, HotLap",212,"Techno, Afro, Soul & EDM | Afro Vibezz",120.0,F major,7B,0.255,afro,0.455,opener,0.653,16.01,0.0631,0.5458,0.1759,https://p.scdn.co/mp3-preview/b6f70d3638bd897bd8880735df46a42a14c1321f,Spotify public 30s preview; librosa 0.11 beat/chroma/HPSS/RMS/onset analysis
spotify-4gACQVwjtFrI0NdK5n4idc,4gACQVwjtFrI0NdK5n4idc,Let's Work,Touzani,210,"Techno, Afro, Soul & EDM | Afro Vibezz",122.0,G# minor,1A,0.397,afro,0.091,builder,0.71,29.0,0.0729,0.3094,0.4166,https://p.scdn.co/mp3-preview/d64f2f5dcaa6ef7f3e4529bc5dd1fa036c8c8ed6,Spotify public 30s preview; librosa 0.11 beat/chroma/HPSS/RMS/onset analysis
spotify-54LuSuR8NpNvmqL8VohoUy,54LuSuR8NpNvmqL8VohoUy,Sunbeam,HotLap,290,"Techno, Afro, Soul & EDM | Afro Vibezz",125.0,F# minor,11A,0.899,afro,0.731,vocal,0.587,15.49,0.3281,0.7249,0.1049,https://p.scdn.co/mp3-preview/46937ed42705415cb70265f1e47b248beead3387,Spotify public 30s preview; librosa 0.11 beat/chroma/HPSS/RMS/onset analysis
spotify-5JT9hOxKU03tW2VA80Q8X7,5JT9hOxKU03tW2VA80Q8X7,Hey Mama,Bletter,212,"Techno, Afro, Soul & EDM | Afro Vibezz",123.0,G major,9B,0.741,afro,0.448,bridge,0.577,15.49,0.1836,0.5412,0.2056,https://p.scdn.co/mp3-preview/c2234facf1f4c094257e94ea934da92cffed4119,Spotify public 30s preview; librosa 0.11 beat/chroma/HPSS/RMS/onset analysis
spotify-0V9raTkW24E3mrf7ZemeNB,0V9raTkW24E3mrf7ZemeNB,I Wanna Be Yours,Nick Varell,179,"Techno, Afro, Soul & EDM | Afro Vibezz",122.0,G major,9B,0.489,afro,0.465,bridge,0.533,15.95,0.1381,0.5523,0.1679,https://p.scdn.co/mp3-preview/81fcba59f43955da80f9b0cc10fa46aa67be8b7d,Spotify public 30s preview; librosa 0.11 beat/chroma/HPSS/RMS/onset analysis
spotify-1wOdMqYDHqILKGco6AbKdB,1wOdMqYDHqILKGco6AbKdB,Touch Me - Hotlap Remix,"Pole Position, HotLap",205,"Techno, Afro, Soul & EDM | Afro Vibezz",125.0,D major,10B,0.621,afro,0.332,bridge,0.672,15.84,0.1394,0.4655,0.2319,https://p.scdn.co/mp3-preview/a297fa07f2003becd466a80c8e7180a4805139df,Spotify public 30s preview; librosa 0.11 beat/chroma/HPSS/RMS/onset analysis
spotify-1wWXUVWny5JJHxMvsAjAxD,1wWXUVWny5JJHxMvsAjAxD,Commas,HotLap,276,"Techno, Afro, Soul & EDM | Afro Vibezz",120.0,E minor,9A,0.674,afro,0.538,bridge,0.686,16.0,0.1976,0.5998,0.1418,https://p.scdn.co/mp3-preview/9bd44aec255d8cf402bfc40fbc4ecdb3a32b019f,Spotify public 30s preview; librosa 0.11 beat/chroma/HPSS/RMS/onset analysis
spotify-2KuQ9Au4R0WasDJ8fDRHxT,2KuQ9Au4R0WasDJ8fDRHxT,Shelter,"HotLap, UVITA",221,"Techno, Afro, Soul & EDM | Afro Vibezz",122.0,G# minor,1A,0.874,afro,0.541,peak,0.576,15.74,0.372,0.6016,0.1562,https://p.scdn.co/mp3-preview/8b0779cdb106afb8c5b752c8378c03f7f3a6f9dc,Spotify public 30s preview; librosa 0.11 beat/chroma/HPSS/RMS/onset analysis
spotify-6VSPib5LDroLjQXXVk50gd,6VSPib5LDroLjQXXVk50gd,Pinnacle,"HotLap, Eli Moon",236,"Techno, Afro, Soul & EDM | Afro Vibezz",126.0,D major,10B,0.905,afro,0.419,peak,0.6,29.71,0.3226,0.5226,0.1915,https://p.scdn.co/mp3-preview/a13b1330a88f2deab04dc2f77fb6768e261fb1ae,Spotify public 30s preview; librosa 0.11 beat/chroma/HPSS/RMS/onset analysis
spotify-7k0kq03bs3micRAVvYgzg8,7k0kq03bs3micRAVvYgzg8,You & I,"HotLap, SHELLS",175,"Techno, Afro, Soul & EDM | Afro Vibezz",125.0,G minor,6A,0.545,afro,0.47,bridge,0.739,29.71,0.1645,0.5557,0.1775,https://p.scdn.co/mp3-preview/f1967fd3036f457b24fbb01463e53ed109d305c8,Spotify public 30s preview; librosa 0.11 beat/chroma/HPSS/RMS/onset analysis
spotify-45cq4eLrpEyFbsa75bLteB,45cq4eLrpEyFbsa75bLteB,Nikotam,"Backeer, Elline",303,"Techno, Afro, Soul & EDM | Afro Vibezz",122.0,G minor,6A,0.709,afro,0.629,bridge,0.6,29.71,0.2055,0.6586,0.1181,https://p.scdn.co/mp3-preview/7ba2d97386bad5cfc45a8a63b61d51706a4d1f42,Spotify public 30s preview; librosa 0.11 beat/chroma/HPSS/RMS/onset analysis
spotify-6jkHEZaCSCOQ7M7Cwnw91Q,6jkHEZaCSCOQ7M7Cwnw91Q,Maledhi,"Mindloco, Lazaros",216,"Techno, Afro, Soul & EDM | Afro Vibezz",120.0,A minor,8A,0.284,afro,0.491,opener,0.82,15.99,0.1085,0.5693,0.1605,https://p.scdn.co/mp3-preview/74a91c025f1a18e33597cd45079757eb2c36ba4e,Spotify public 30s preview; librosa 0.11 beat/chroma/HPSS/RMS/onset analysis
spotify-6nuH5zRlWzuzZr9fA4IcpY,6nuH5zRlWzuzZr9fA4IcpY,No More,"Breakstorm, &SARA, David Eusse",214,"Techno, Afro, Soul & EDM | Afro Vibezz",125.0,F minor,4A,0.749,afro,0.467,bridge,0.588,15.49,0.3214,0.5537,0.2437,https://p.scdn.co/mp3-preview/b8354ef80fb0c1d5475dafdfcafde4bba040dc46,Spotify public 30s preview; librosa 0.11 beat/chroma/HPSS/RMS/onset analysis
spotify-70OtvVapZmDucK1owYRf3Z,70OtvVapZmDucK1owYRf3Z,Nei Ali,Berin,222,"Techno, Afro, Soul & EDM | Afro Vibezz",120.0,F minor,4A,0.888,afro,0.43,peak,0.687,16.0,0.3205,0.5296,0.2683,https://p.scdn.co/mp3-preview/d5de202750a531ad2bcf25c2c2884331a19e13c2,Spotify public 30s preview; librosa 0.11 beat/chroma/HPSS/RMS/onset analysis
spotify-7dDoLRPOgIdxDPN60P5vR2,7dDoLRPOgIdxDPN60P5vR2,Saliluti - Radio Mix,Chriszg,220,"Techno, Afro, Soul & EDM | Afro Vibezz",123.0,D major,10B,0.785,afro,0.061,peak,0.56,15.62,0.1669,0.2899,0.3577,https://p.scdn.co/mp3-preview/aa4501eb8d6c2d26996534c6d02f72af9f251774,Spotify public 30s preview; librosa 0.11 beat/chroma/HPSS/RMS/onset analysis
spotify-2dyfnrBpCyinfhdZN4IsF3,2dyfnrBpCyinfhdZN4IsF3,Pull Out The Fire,"Kashovski, blackbird",174,"Techno, Afro, Soul & EDM | Afro Vibezz",125.0,G minor,6A,0.579,afro,0.857,vocal,0.815,15.6,0.1579,0.8069,0.0638,https://p.scdn.co/mp3-preview/a99c8e23fa3479a630ecc4e4428e8d11b0199364,Spotify public 30s preview; librosa 0.11 beat/chroma/HPSS/RMS/onset analysis
spotify-0wGlXAZU2OQlOiCghAOCqm,0wGlXAZU2OQlOiCghAOCqm,Like A Child,"Armin van Buuren, Argy, Marlo Rex",183,"Techno, Afro, Soul & EDM | Techno Vibezz",132.0,F minor,4A,0.341,techno,0.855,vocal,0.807,29.09,0.0706,0.8055,0.0667,https://p.scdn.co/mp3-preview/a4ebfefa55812037b33d5d397c1a7f9e9c60e199,Spotify public 30s preview; librosa 0.11 beat/chroma/HPSS/RMS/onset analysis
spotify-1UhzFALHc9kjh3UqRJjR02,1UhzFALHc9kjh3UqRJjR02,WIND,"Argy, Omiki",190,"Techno, Afro, Soul & EDM | Techno Vibezz",128.0,D minor,7A,0.279,techno,0.548,opener,0.766,15.12,0.058,0.606,0.1174,https://p.scdn.co/mp3-preview/3ac7d2c33fdac8bc842aaf2560a2eb6ca6308fca,Spotify public 30s preview; librosa 0.11 beat/chroma/HPSS/RMS/onset analysis
spotify-4G6RcByL6hwtBJdhJDniFf,4G6RcByL6hwtBJdhJDniFf,MANTRA,"Argy, Omiki, Lell Nahar",181,"Techno, Afro, Soul & EDM | Techno Vibezz",128.0,C minor,5A,0.29,techno,0.601,opener,0.724,14.99,0.028,0.641,0.1202,https://p.scdn.co/mp3-preview/2af16df18dc40a78aae11ad109a5ff43fb6135cd,Spotify public 30s preview; librosa 0.11 beat/chroma/HPSS/RMS/onset analysis
spotify-3AjSfp5FDvwtMU9XBsbS8j,3AjSfp5FDvwtMU9XBsbS8j,Push Up - Main Edit,Creeds,139,"Techno, Afro, Soul & EDM | Techno Vibezz",150.0,G major,9B,0.753,techno,0.455,lifter,0.661,25.98,0.2278,0.546,0.3045,https://p.scdn.co/mp3-preview/b506e1e55d0d4b0ee2ec4f5f3d613f7252cecf78,Spotify public 30s preview; librosa 0.11 beat/chroma/HPSS/RMS/onset analysis
spotify-09CnYHiZ5jGT1wr1TXJ9Zt,09CnYHiZ5jGT1wr1TXJ9Zt,Thank You (Not So Bad),"Dimitri Vegas & Like Mike, Tiësto, Dido, W&W, Dimitri Vegas, Like Mike",140,"Techno, Afro, Soul & EDM | Techno Vibezz",150.0,B major,1B,0.636,techno,0.505,bridge,0.694,29.71,0.3125,0.5784,0.1432,https://p.scdn.co/mp3-preview/90b0c56eb3bd187d09a8ad612eb4049447d056ad,Spotify public 30s preview; librosa 0.11 beat/chroma/HPSS/RMS/onset analysis
spotify-25V0TNA8cZLVzLQpHa6rB1,25V0TNA8cZLVzLQpHa6rB1,Freaks,FISHER,175,"Techno, Afro, Soul & EDM | Techno Vibezz",125.0,F minor,4A,0.796,techno,0.44,peak,0.582,29.71,0.3128,0.5357,0.2216,https://p.scdn.co/mp3-preview/21f1c8b7dbf6d0fdf42856a9d678dace6542fd28,Spotify public 30s preview; librosa 0.11 beat/chroma/HPSS/RMS/onset analysis
spotify-1KOTY2OVnEgua9eY76WxvT,1KOTY2OVnEgua9eY76WxvT,Azul,Funk Tribu,226,"Techno, Afro, Soul & EDM | Techno Vibezz",148.0,G minor,6A,0.783,techno,0.718,peak,0.679,25.94,0.1478,0.7167,0.1325,https://p.scdn.co/mp3-preview/0b4a9ede503324219f0de270b9b49252e858a496,Spotify public 30s preview; librosa 0.11 beat/chroma/HPSS/RMS/onset analysis
spotify-5e4II0hLokRNiw4q2uHeL8,5e4II0hLokRNiw4q2uHeL8,Better With You,"Nico Moreno, Novah, KIMI",211,"Techno, Afro, Soul & EDM | Techno Vibezz",154.0,F major,7B,0.506,techno,0.586,bridge,0.629,24.77,0.0995,0.6309,0.1366,https://p.scdn.co/mp3-preview/7df3f23ad9cd10a24b9115db4962b55cc518d587,Spotify public 30s preview; librosa 0.11 beat/chroma/HPSS/RMS/onset analysis
spotify-5JUOGoWTvUtTdedxOjTZ08,5JUOGoWTvUtTdedxOjTZ08,Back Online,ZIAGA,209,"Techno, Afro, Soul & EDM | Techno Vibezz",128.0,E major,12B,0.289,techno,0.489,opener,0.753,22.4,0.0562,0.5678,0.1457,https://p.scdn.co/mp3-preview/7b558f8acb65debe165d35abf70d17fba2f1a3fd,Spotify public 30s preview; librosa 0.11 beat/chroma/HPSS/RMS/onset analysis
spotify-6ho0GyrWZN3mhi9zVRW7xi,6ho0GyrWZN3mhi9zVRW7xi,Losing It,FISHER,248,"Techno, Afro, Soul & EDM | Tech House Vibezz",125.0,G minor,6A,0.79,tech-house,0.316,peak,0.689,29.71,0.3161,0.4555,0.235,https://p.scdn.co/mp3-preview/32b2d8fe7295f497de941cc2a780d287975f723f,Spotify public 30s preview; librosa 0.11 beat/chroma/HPSS/RMS/onset analysis
spotify-5hmcw6bW5V24CvJqsz87We,5hmcw6bW5V24CvJqsz87We,On My Mind,"Diplo, SIDEPIECE",189,"Techno, Afro, Soul & EDM | Tech House Vibezz",123.0,G minor,6A,0.801,tech-house,0.721,vocal,0.63,15.61,0.0998,0.7189,0.1283,https://p.scdn.co/mp3-preview/beeacfca852f2cf28f43d1d0f8e4e12b5f660bbb,Spotify public 30s preview; librosa 0.11 beat/chroma/HPSS/RMS/onset analysis
spotify-5PL7k9QH7Kj7B4527dHvon,5PL7k9QH7Kj7B4527dHvon,La Verdolaga,"HUGEL, Totó La Momposina",150,"Techno, Afro, Soul & EDM | Afro Vibezz",125.0,B minor,10A,0.686,afro,0.567,bridge,0.722,15.49,0.1771,0.6184,0.16,https://p.scdn.co/mp3-preview/f9be01ff26cef3f31a4f30f575041ecddf93bb74,Spotify public 30s preview; librosa 0.11 beat/chroma/HPSS/RMS/onset analysis
spotify-5nZ9KC7vuQe8vy7N3M5YXj,5nZ9KC7vuQe8vy7N3M5YXj,Dile,Juos,150,"Techno, Afro, Soul & EDM | Afro Vibezz | Tech House Vibezz",131.0,F# minor,11A,0.922,tech-house,0.708,peak,0.629,29.71,0.2279,0.7103,0.1441,https://p.scdn.co/mp3-preview/047a80e89e397caa6ec14ece9ff5ea8db0f15b31,Spotify public 30s preview; librosa 0.11 beat/chroma/HPSS/RMS/onset analysis
spotify-3szSyYRapmpvq9UKU3drwy,3szSyYRapmpvq9UKU3drwy,"Right Here, Right Now - Rework","Fatboy Slim, Topic, Marco Generani",145,"Techno, Afro, Soul & EDM | Afro Vibezz | House Vibezz",123.0,C# major,3B,0.597,afro,0.331,bridge,0.755,15.61,0.1471,0.4652,0.2252,https://p.scdn.co/mp3-preview/d41f822e08baa362edf14dc66120aa3126cac334,Spotify public 30s preview; librosa 0.11 beat/chroma/HPSS/RMS/onset analysis
spotify-2SYt3HZ7dZ8EyvvrsJBrS6,2SYt3HZ7dZ8EyvvrsJBrS6,Loco,Tony Dark Eyes,135,"Techno, Afro, Soul & EDM | Tech House Vibezz",125.0,A minor,8A,0.551,tech-house,0.226,bridge,0.619,15.49,0.1169,0.3971,0.3097,https://p.scdn.co/mp3-preview/e647e7541dd76e4c3d4c23c55e3231322297bb21,Spotify public 30s preview; librosa 0.11 beat/chroma/HPSS/RMS/onset analysis
spotify-3fwmJrwHkJrUcybkmTU8pd,3fwmJrwHkJrUcybkmTU8pd,Shingaling Shingaling,"Cumbiafrica, Lost Minds, Reebs",146,"Techno, Afro, Soul & EDM | Tech House Vibezz",128.0,G major,9B,0.699,tech-house,0.508,bridge,0.653,15.0,0.1024,0.5803,0.1991,https://p.scdn.co/mp3-preview/4e8b56573dff7eb94df3be9b56bee92df1101c4e,Spotify public 30s preview; librosa 0.11 beat/chroma/HPSS/RMS/onset analysis
spotify-46d9wSmQTSyBrJKQ9YwNHb,46d9wSmQTSyBrJKQ9YwNHb,Cap,Enzo is Burning,199,"Techno, Afro, Soul & EDM | Tech House Vibezz",129.0,F# minor,11A,0.62,tech-house,0.658,bridge,0.682,29.71,0.1263,0.6778,0.1435,https://p.scdn.co/mp3-preview/4b6fa14666e90b0c0f3a6481b62c00be32c95fbc,Spotify public 30s preview; librosa 0.11 beat/chroma/HPSS/RMS/onset analysis
spotify-4FHXsehfIbyPCJLP7fCnIF,4FHXsehfIbyPCJLP7fCnIF,Ritmo,Raffa Fl,183,"Techno, Afro, Soul & EDM | Tech House Vibezz",125.0,G minor,6A,0.922,tech-house,0.743,vocal,0.571,29.71,0.3165,0.7333,0.0832,https://p.scdn.co/mp3-preview/55625da9755e64c7c31574d4546d97f32efc10f2,Spotify public 30s preview; librosa 0.11 beat/chroma/HPSS/RMS/onset analysis
spotify-7DxrTNmUprBMQ0RV45xreb,7DxrTNmUprBMQ0RV45xreb,Verano En NY,Toman,245,"Techno, Afro, Soul & EDM | Tech House Vibezz",126.0,G minor,6A,0.709,tech-house,0.631,bridge,0.646,15.24,0.1337,0.6599,0.1569,https://p.scdn.co/mp3-preview/33aad94bb64a187be26be57decf53a99d407257f,Spotify public 30s preview; librosa 0.11 beat/chroma/HPSS/RMS/onset analysis
spotify-0FIAB3qd9n8Va9rhmRjteH,0FIAB3qd9n8Va9rhmRjteH,La La La,"Sinego, Fernando Milagros, Daybreaker, Benziê",303,"Techno, Afro, Soul & EDM | Afro Vibezz",125.0,C# major,3B,0.701,afro,0.607,bridge,0.551,15.49,0.1476,0.6443,0.1446,https://p.scdn.co/mp3-preview/d2f6edff99f5b0655ee8cc37e90ed51ce7aeea9d,Spotify public 30s preview; librosa 0.11 beat/chroma/HPSS/RMS/onset analysis
spotify-3wlEt7tgbcyowpdlcnCwfz,3wlEt7tgbcyowpdlcnCwfz,Sauti,"Francis Mercier, Faul & Wad, African Children's Choir",208,"Techno, Afro, Soul & EDM | Afro Vibezz",122.0,G minor,6A,0.706,afro,0.376,bridge,0.63,29.71,0.3471,0.4946,0.1871,https://p.scdn.co/mp3-preview/16c43ff4dbfbe13c4a5d4409b6cd5c177631b87b,Spotify public 30s preview; librosa 0.11 beat/chroma/HPSS/RMS/onset analysis
spotify-5Lm6Vl5RjOF77si7Tv5Usz,5Lm6Vl5RjOF77si7Tv5Usz,Tambora,"Faul & Wad, MESTIZA, Martina Camargo",150,"Techno, Afro, Soul & EDM | Afro Vibezz",125.0,G# minor,1A,0.624,afro,0.42,bridge,0.672,15.36,0.1661,0.5227,0.2301,https://p.scdn.co/mp3-preview/0a180304b1f17058cb1b624cbbc6323796b95389,Spotify public 30s preview; librosa 0.11 beat/chroma/HPSS/RMS/onset analysis
spotify-5XOzAn4HqJDrjDHt65rt7L,5XOzAn4HqJDrjDHt65rt7L,Bailalo,RAFFA GUIDO,212,"Techno, Afro, Soul & EDM | Afro Vibezz",122.0,A# minor,3A,0.417,afro,0.125,builder,0.587,15.73,0.0962,0.3313,0.3373,https://p.scdn.co/mp3-preview/d3d928b68118b3de59ab826cfe4899b05ea67103,Spotify public 30s preview; librosa 0.11 beat/chroma/HPSS/RMS/onset analysis
spotify-6rR9j58vyiStN9CefIGVm7,6rR9j58vyiStN9CefIGVm7,Mi Alma,Dennis Cartier,151,"Techno, Afro, Soul & EDM | Afro Vibezz",122.0,E minor,9A,0.719,afro,0.517,bridge,0.543,15.72,0.2431,0.5864,0.1957,https://p.scdn.co/mp3-preview/9586c577c0c146286b4efdfcfc362abc5fc778a3,Spotify public 30s preview; librosa 0.11 beat/chroma/HPSS/RMS/onset analysis
spotify-7IUGkB1cmE78vv9wlYtfER,7IUGkB1cmE78vv9wlYtfER,Coge El Paso,"HUGEL, DERON, La Payara",148,"Techno, Afro, Soul & EDM | Afro Vibezz",125.0,A minor,8A,0.325,afro,0.514,builder,0.88,29.0,0.0695,0.584,0.1613,https://p.scdn.co/mp3-preview/c43930fa688b74fb6a8ded8366effeb42f62f36c,Spotify public 30s preview; librosa 0.11 beat/chroma/HPSS/RMS/onset analysis
spotify-6SeZObDDZZiJmzY4qgfh57,6SeZObDDZZiJmzY4qgfh57,Capitale,Illyus Barrientos,203,"Techno, Afro, Soul & EDM | House Vibezz",125.0,F# major,2B,0.292,house,0.274,opener,0.659,15.37,0.0543,0.4282,0.2361,https://p.scdn.co/mp3-preview/fbe39471ac670e17f3d607a5a2ed76b5792fd7a2,Spotify public 30s preview; librosa 0.11 beat/chroma/HPSS/RMS/onset analysis
spotify-7e9eZ3JJ0JPkfNNrLsWBt5,7e9eZ3JJ0JPkfNNrLsWBt5,Velvet Night,WOGEL,264,"Techno, Afro, Soul & EDM | House Vibezz",125.0,F# major,2B,0.392,house,0.561,builder,0.693,15.46,0.069,0.6144,0.1905,https://p.scdn.co/mp3-preview/d47af49f0657adef51dcac23356fbdaaac8ba755,Spotify public 30s preview; librosa 0.11 beat/chroma/HPSS/RMS/onset analysis
spotify-7q7xQ91AWU1PFni84RznU9,7q7xQ91AWU1PFni84RznU9,Conga - Radio Edit,Massivedrum,136,"Techno, Afro, Soul & EDM | House Vibezz",126.0,G major,9B,0.355,house,0.095,builder,0.671,29.71,0.0877,0.3117,0.3348,https://p.scdn.co/mp3-preview/48f8603f3fb7502879af899415448353867f6972,Spotify public 30s preview; librosa 0.11 beat/chroma/HPSS/RMS/onset analysis
spotify-2NPOfAcuPVBilgRETr0qJq,2NPOfAcuPVBilgRETr0qJq,Heaven (feat. Yousra),"Tomas Grey, Yousra",149,"Techno, Afro, Soul & EDM | Techno Vibezz",133.0,C# minor,12A,0.336,techno,0.499,builder,0.708,28.87,0.1536,0.5744,0.1933,https://p.scdn.co/mp3-preview/b174523861cd3a9ac04f186ffe4bb8cdf0ca68e2,Spotify public 30s preview; librosa 0.11 beat/chroma/HPSS/RMS/onset analysis
spotify-5PI6kX5XDbiLsTjX7qJjE2,5PI6kX5XDbiLsTjX7qJjE2,Don't Wake Us Up - Extended Mix,"JOA, James Carter",245,"Techno, Afro, Soul & EDM | Techno Vibezz",132.0,F minor,4A,0.395,techno,0.648,builder,0.762,29.09,0.1446,0.6714,0.1277,https://p.scdn.co/mp3-preview/562449c2b3bc64bafcdf2cce6a1ecc691e68bd34,Spotify public 30s preview; librosa 0.11 beat/chroma/HPSS/RMS/onset analysis
spotify-1dZufI94FSPvNcHzbr0nT2,1dZufI94FSPvNcHzbr0nT2,Missing Part of Me,JOA,224,"Techno, Afro, Soul & EDM | Techno Vibezz",128.0,E minor,9A,0.641,techno,0.602,bridge,0.8,15.11,0.0921,0.6413,0.1426,https://p.scdn.co/mp3-preview/0055003e2c9375fae6799830dfd9fd4f3dcb5744,Spotify public 30s preview; librosa 0.11 beat/chroma/HPSS/RMS/onset analysis
spotify-55Zql8avsQO7zPiBqJvFAI,55Zql8avsQO7zPiBqJvFAI,SINCE '06,ASK YOUR FRIENDS,122,"Techno, Afro, Soul & EDM | House Vibezz",138.0,B minor,10A,0.377,house,0.705,builder,0.8,25.98,0.0893,0.7086,0.1118,https://p.scdn.co/mp3-preview/81ed5544d8497e83d9233e6e99966b3aab5eb597,Spotify public 30s preview; librosa 0.11 beat/chroma/HPSS/RMS/onset analysis
