spotify_id,title,artist,playlists,identity_match,preview_bpm,source_bpm,bpm_final,bpm_agreement,preview_camelot,source_camelot,musical_key_final,camelot_final,key_agreement,energy_final,source_energy,groove_final,source_genres,vocal_final,role_final,confidence_final,evidence
2KVAO2OAH6a9Tr2DqYL65g,CORAÇAO - 20th Anniversary Mix,"Jerry Ropero, HUGEL, Mijangos, Jesús Fernández","Techno, Afro, Soul & EDM | Afro Vibezz",exact-id,126.0,126.0,126.0,true,11A,11A,F# minor,11A,true,0.725,0.677516962,afro,Afro House,0.112,lifter,0.9,Spotify public 30s preview: beat/chroma/HPSS/RMS/onset structural analysis ; Mixgraph exact-id: https://www.mixgraph.io/tracks/jerry-ropero-coraao-20th-anniversary-mix
4G5vEpp26cEIj9FnVYft8i,Move In Time,"Moeaike, Picca & Mars","Techno, Afro, Soul & EDM | Afro Vibezz",exact-id,123.0,123.0,123.0,true,9A,9A,E minor,9A,true,0.537,0.61720239,techno,Melodic House & Techno,0.269,reset,0.9,Spotify public 30s preview: beat/chroma/HPSS/RMS/onset structural analysis ; Mixgraph exact-id: https://www.mixgraph.io/tracks/picca-mars-move-in-time
7M4GUQ0CZU5A9CO2hkadG4,Blue Berries,"Sem Jacobs, Tagmann","Techno, Afro, Soul & EDM | Afro Vibezz",exact-id,128.0,128.0,128.0,true,8B,8B,C major,8B,true,0.621,0.729797132,house,House,0.03,reset,0.9,Spotify public 30s preview: beat/chroma/HPSS/RMS/onset structural analysis ; Mixgraph exact-id: https://www.mixgraph.io/tracks/sem-jacobs-blue-berries-extended-mix
6ms1mOmSxRvNsZ7ZcpONmC,With You,"LEWS, Steve N, Major League Djz, Untitled Audio","Techno, Afro, Soul & EDM | Afro Vibezz",exact-id,120.0,120.0,120.0,true,9A,9A,E minor,9A,true,0.676,0.64689222,afro,Afro House,0.247,reset,0.9,Spotify public 30s preview: beat/chroma/HPSS/RMS/onset structural analysis ; Mixgraph exact-id: https://www.mixgraph.io/tracks/steve-n-with-you-extended-mix
0TONQ6PLt48eBp5yzh7Of3,Fuma Ya,"Ucha, Chris Leon","Techno, Afro, Soul & EDM | Afro Vibezz",exact-id,122.0,121.0,121.0,true,4A,5A,C minor,5A,false,0.529,0.492856383,afro,Afro House,0.03,reset,0.82,Spotify public 30s preview: beat/chroma/HPSS/RMS/onset structural analysis ; Mixgraph exact-id: https://www.mixgraph.io/tracks/ucha-fuma-ya-extended
5QwJtoSfJqEPHlNCm46uex,A Gira,unfazed,"Techno, Afro, Soul & EDM | Afro Vibezz",exact-id,122.0,122.0,122.0,true,3B,3B,C# major,3B,true,0.511,0.553432041,afro,Afro House,0.16,reset,0.9,Spotify public 30s preview: beat/chroma/HPSS/RMS/onset structural analysis ; Mixgraph exact-id: https://www.mixgraph.io/tracks/unfazed-a-gira-extended-mix
4evs5hmj8J4cJzcMgylQzl,Home,"RBØR, Tayllor, CRAYA, Mr. V","Techno, Afro, Soul & EDM | Afro Vibezz",exact-id,122.0,122.0,122.0,true,12B,12B,E major,12B,true,0.454,0.549158776,afro,Afro House,0.311,opener,0.9,Spotify public 30s preview: beat/chroma/HPSS/RMS/onset structural analysis ; Mixgraph exact-id: https://www.mixgraph.io/tracks/mr-v-home-feat-mr-v-extended-mix
2NES935FgVCZnwpimrxAJ6,La Colegiala,Afro Club,"Techno, Afro, Soul & EDM | Afro Vibezz",preview-only,122.0,,122.0,false,6A,,G minor,6A,false,0.631,,afro,,0.73,vocal,0.64,Spotify public 30s preview: beat/chroma/HPSS/RMS/onset structural analysis ; Mixgraph exact-title search performed; no exact recording match for Spotify 2NES935FgVCZnwpimrxAJ6
7nhwdbIZnJBspw1L9KDT4W,Mamacita,Yung Omz ,"Techno, Afro, Soul & EDM | Afro Vibezz",preview-only,123.0,,123.0,false,6A,,G minor,6A,false,0.44,,afro,,0.449,opener,0.64,Spotify public 30s preview: beat/chroma/HPSS/RMS/onset structural analysis ; Mixgraph exact-title search performed; no exact recording match for Spotify 7nhwdbIZnJBspw1L9KDT4W
1B1Ww52x3r3yH6mtAuhrie,Papele,"LEWS, Major League Djz, Daytona, Untitled Audio","Techno, Afro, Soul & EDM | Afro Vibezz | Techno Vibezz",exact-id,122.0,122.0,122.0,true,11A,11A,F# minor,11A,true,0.67,0.63050153,afro,Afro House,0.25,reset,0.9,Spotify public 30s preview: beat/chroma/HPSS/RMS/onset structural analysis ; Mixgraph exact-id: https://www.mixgraph.io/tracks/daytona-papele-extended-mix
70cLs3sjUFOKJroS191fgw,POR FAVOR,Marc Moon,"Techno, Afro, Soul & EDM | Afro Vibezz",preview-only,125.0,,125.0,false,10A,,B minor,10A,false,0.375,,afro,,0.536,opener,0.64,Spotify public 30s preview: beat/chroma/HPSS/RMS/onset structural analysis ; Mixgraph exact-title search performed; no exact recording match for Spotify 70cLs3sjUFOKJroS191fgw
6cQZ6GKDkFDj0iGsjFfyq2,Shake,"Crisologo, ADDAM (BE)","Techno, Afro, Soul & EDM | Afro Vibezz",exact-id,122.0,122.0,122.0,true,5A,5A,C minor,5A,true,0.633,0.761354071,afro,Afro House,0.03,reset,0.9,Spotify public 30s preview: beat/chroma/HPSS/RMS/onset structural analysis ; Mixgraph exact-id: https://www.mixgraph.io/tracks/crisologo-shake
7GBhtxd4eVgA635ozUZSaj,Smile,Lucca Saettone,"Techno, Afro, Soul & EDM | Afro Vibezz",preview-only,122.0,,122.0,false,9A,,E minor,9A,false,0.696,,afro,,0.455,reset,0.64,Spotify public 30s preview: beat/chroma/HPSS/RMS/onset structural analysis ; Mixgraph exact-title search performed; no exact recording match for Spotify 7GBhtxd4eVgA635ozUZSaj
1nsGJGpzFoD8O3CkeU8mpj,Sueño,DANOR,"Techno, Afro, Soul & EDM | Afro Vibezz",exact-id,122.0,122.0,122.0,true,11A,2B,F# major,2B,false,0.795,0.776921823,techno,Melodic House & Techno,0.285,lifter,0.82,Spotify public 30s preview: beat/chroma/HPSS/RMS/onset structural analysis ; Mixgraph exact-id: https://www.mixgraph.io/tracks/danor-sueno
1B27a06OAQx7CS46plr5pU,Toca Toca,"Sistek, Morry, Fly Project","Techno, Afro, Soul & EDM | Afro Vibezz",preview-only,125.0,,125.0,false,11A,,F# minor,11A,false,0.665,,afro,,0.602,reset,0.64,Spotify public 30s preview: beat/chroma/HPSS/RMS/onset structural analysis ; Mixgraph exact-title search performed; no exact recording match for Spotify 1B27a06OAQx7CS46plr5pU
7Fr8keCD6Ixkd5XCpC6EUv,Yo Te Sigo,Daww,"Techno, Afro, Soul & EDM | Afro Vibezz",preview-only,122.0,,122.0,false,12B,,E major,12B,false,0.554,,afro,,0.632,reset,0.64,Spotify public 30s preview: beat/chroma/HPSS/RMS/onset structural analysis ; Mixgraph exact-title search performed; no exact recording match for Spotify 7Fr8keCD6Ixkd5XCpC6EUv
2a2PjEwfXJn861qHXzJQHh,Ze Roberto,Moojo,"Techno, Afro, Soul & EDM | Afro Vibezz",preview-only,117.0,,117.0,false,11A,,F# minor,11A,false,0.319,,afro,,0.274,opener,0.64,Spotify public 30s preview: beat/chroma/HPSS/RMS/onset structural analysis ; Mixgraph exact-title search performed; no exact recording match for Spotify 2a2PjEwfXJn861qHXzJQHh
4U8vV8j993rpMdFn4dCn29,Sinnerman - 2022 Original Version,Siwell,"Techno, Afro, Soul & EDM | Techno Vibezz",preview-only,125.0,,125.0,false,10A,,B minor,10A,false,0.724,,techno,,0.704,vocal,0.64,Spotify public 30s preview: beat/chroma/HPSS/RMS/onset structural analysis ; Mixgraph exact-title search performed; no exact recording match for Spotify 4U8vV8j993rpMdFn4dCn29
1eitq6c6J9H8GyJYQxq6h1,Close To Me,"DAMIANO, Adrian Saguna","Techno, Afro, Soul & EDM | Techno Vibezz",preview-only,120.0,,120.0,false,7A,,D minor,7A,false,0.695,,techno,,0.407,reset,0.64,Spotify public 30s preview: beat/chroma/HPSS/RMS/onset structural analysis ; Mixgraph exact-title search performed; no exact recording match for Spotify 1eitq6c6J9H8GyJYQxq6h1
5KhyfCzCrjGfCRKHruIUl7,Quiver,"Colbora, CVALM, Budai House Clique","Techno, Afro, Soul & EDM | Techno Vibezz",exact-id,120.0,120.0,120.0,true,9B,9B,G major,9B,true,0.543,0.680501316,techno,Melodic House & Techno,0.418,builder,0.9,Spotify public 30s preview: beat/chroma/HPSS/RMS/onset structural analysis ; Mixgraph exact-id: https://www.mixgraph.io/tracks/colbora-quiver
7crWP5nmpVQunuekqftSEr,Yapa,"Josef Schumacher, Tobi Xander","Techno, Afro, Soul & EDM | Techno Vibezz",exact-id,123.0,123.0,123.0,true,9A,12B,E major,12B,false,0.876,0.994266435,afro,Afro House,0.128,peak,0.82,Spotify public 30s preview: beat/chroma/HPSS/RMS/onset structural analysis ; Mixgraph exact-id: https://www.mixgraph.io/tracks/josef-schumacher-yapa-extended-mix
28HAfQASgRFtJiJO95P0RY,Senolo,AFRONOM,"Techno, Afro, Soul & EDM | Afro Vibezz",exact-id,123.0,123.0,123.0,true,7A,7A,D minor,7A,true,0.721,0.744519881,afro,Afro House,0.23,lifter,0.9,Spotify public 30s preview: beat/chroma/HPSS/RMS/onset structural analysis ; Mixgraph exact-id: https://www.mixgraph.io/tracks/afronom-senolo-extended-mix
0OhOvavl37Rul1t8TlBMcv,Need U,Mydoz,"Techno, Afro, Soul & EDM | Afro Vibezz",exact-id,123.0,123.0,123.0,true,8A,8A,A minor,8A,true,0.428,0.491889715,afro,Afro House | Afro / Latin,0.31,opener,0.9,Spotify public 30s preview: beat/chroma/HPSS/RMS/onset structural analysis ; Mixgraph exact-id: https://www.mixgraph.io/tracks/mydoz-need-u-extended-mix
5BhdMEXbQirRV4QYHoz96P,Eres Para Mí - Radio Edit,Nico Falla,"Techno, Afro, Soul & EDM | Tech House Vibezz",preview-only,126.0,,126.0,false,10A,,B minor,10A,false,0.41,,tech-house,,0.461,opener,0.64,Spotify public 30s preview: beat/chroma/HPSS/RMS/onset structural analysis ; Mixgraph exact-title search performed; no exact recording match for Spotify 5BhdMEXbQirRV4QYHoz96P
4OHTMdFofGPrSZJqKn4yBm,LA TRAVESÍA (Tech House),ToniTega,"Techno, Afro, Soul & EDM | Tech House Vibezz",preview-only,128.0,,128.0,false,12B,,E major,12B,false,0.457,,tech-house,,0.255,opener,0.64,Spotify public 30s preview: beat/chroma/HPSS/RMS/onset structural analysis ; Mixgraph exact-title search performed; no exact recording match for Spotify 4OHTMdFofGPrSZJqKn4yBm
6oNdUnlUnXFDsiMY6yC1ti,Happy Days - Radio Edit,Sweetpower,"Techno, Afro, Soul & EDM | House Vibezz",preview-only,123.0,,123.0,false,11A,,F# minor,11A,false,0.662,,house,,0.268,reset,0.64,Spotify public 30s preview: beat/chroma/HPSS/RMS/onset structural analysis ; Mixgraph exact-title search performed; no exact recording match for Spotify 6oNdUnlUnXFDsiMY6yC1ti
5ARMoO6PMW5XzN00dwTYW2,Suéltate,Greg Elenis,"Techno, Afro, Soul & EDM | House Vibezz",preview-only,120.0,,120.0,false,4A,,F minor,4A,false,0.694,,house,,0.682,closer,0.64,Spotify public 30s preview: beat/chroma/HPSS/RMS/onset structural analysis ; Mixgraph exact-title search performed; no exact recording match for Spotify 5ARMoO6PMW5XzN00dwTYW2
28Dw5KTUvyauj8RZnc8r2N,Celular,Sistek,"Techno, Afro, Soul & EDM | Afro Vibezz",preview-only,125.0,,125.0,false,5B,,D# major,5B,false,0.845,,afro,,0.521,peak,0.64,Spotify public 30s preview: beat/chroma/HPSS/RMS/onset structural analysis ; Mixgraph exact-title search performed; no exact recording match for Spotify 28Dw5KTUvyauj8RZnc8r2N
32Yqrfs4BwDhCmF78Y3he9,Contigo Riddim,Malik,"Techno, Afro, Soul & EDM | Afro Vibezz",preview-only,122.0,,122.0,false,10A,,B minor,10A,false,0.488,,afro,,0.364,reset,0.64,Spotify public 30s preview: beat/chroma/HPSS/RMS/onset structural analysis ; Mixgraph exact-title search performed; no exact recording match for Spotify 32Yqrfs4BwDhCmF78Y3he9
200DiJQhDi69nkGXOrrJgn,The Rapture Pt.III,"&ME, Black Coffee, Keinemusik","Techno, Afro, Soul & EDM | Afro Vibezz",exact-id,120.0,120.0,120.0,true,9A,9A,E minor,9A,true,0.357,0.176232145,techno,Melodic House & Techno,0.458,opener,0.9,Spotify public 30s preview: beat/chroma/HPSS/RMS/onset structural analysis ; Mixgraph exact-id: https://www.mixgraph.io/tracks/me-the-rapture-ptiii
2GwsSbo6IbNDVvcm9rtmal,Say What,"Rampa, Adam Port, &ME, chuala, Keinemusik","Techno, Afro, Soul & EDM | Afro Vibezz",exact-id,120.0,120.0,120.0,true,10B,8B,C major,8B,false,0.568,0.450197954,afro,Afro House,0.164,reset,0.82,Spotify public 30s preview: beat/chroma/HPSS/RMS/onset structural analysis ; Mixgraph exact-id: https://www.mixgraph.io/tracks/rampa-say-what-feat-chuala
093uABBO0VQxuHUgr4na2C,After Everything,Miiles44,"Techno, Afro, Soul & EDM | House Vibezz",preview-only,112.0,,112.0,false,10A,,B minor,10A,false,0.579,,house,,0.533,reset,0.64,Spotify public 30s preview: beat/chroma/HPSS/RMS/onset structural analysis ; Mixgraph exact-title search performed; no exact recording match for Spotify 093uABBO0VQxuHUgr4na2C
1de6YDcMK93DRCIv71DPYA,Where Did Your Love Go,"Moonshine, Sincerely Suav","Techno, Afro, Soul & EDM | House Vibezz",preview-only,112.0,,112.0,false,4A,,F minor,4A,false,0.57,,house,,0.502,reset,0.64,Spotify public 30s preview: beat/chroma/HPSS/RMS/onset structural analysis ; Mixgraph exact-title search performed; no exact recording match for Spotify 1de6YDcMK93DRCIv71DPYA
4JdJb1IvZ2AacLemLGonDy,Hello (The Sun Is Up Where Are You),Mizmo,"Techno, Afro, Soul & EDM | House Vibezz",same-recording,125.0,124.0,124.0,true,4A,4A,F minor,4A,true,0.441,0.417649057,house,Electronica,0.044,opener,0.74,Spotify public 30s preview: beat/chroma/HPSS/RMS/onset structural analysis ; Mixgraph same-recording: https://www.mixgraph.io/tracks/mizmo-hello-the-sun-is-up-where-are-you
72qknjLxZXE6iE6h27sIHY,nobody (make me feel),"oskar med k, Khalid","Techno, Afro, Soul & EDM | House Vibezz",exact-id,125.0,125.0,125.0,true,11A,11A,F# minor,11A,true,0.52,0.555983501,house,Pop,0.095,builder,0.9,Spotify public 30s preview: beat/chroma/HPSS/RMS/onset structural analysis ; Mixgraph exact-id: https://www.mixgraph.io/tracks/khalid-nobody-make-me-feel
0l7cfP9dZBrkkNkR7NXnQO,Gimme That Bounce,Mau P,"Techno, Afro, Soul & EDM | Tech House Vibezz",preview-only,126.0,,126.0,false,5B,,D# major,5B,false,0.904,,tech-house,,0.321,peak,0.86,Spotify public 30s preview: beat/chroma/HPSS/RMS/onset structural analysis ; Mixgraph exact-title search performed; no exact recording match for Spotify 0l7cfP9dZBrkkNkR7NXnQO ; manual conflict resolution: https://www.beatport.com/track/gimme-that-bounce/17394497 | https://www.mixgraph.io/tracks/mau-p-gimme-that-bounce
10pfamFYvg5ftwq6rGJrWx,Can't Decide,"Max Dean, Luke Dean, Locky","Techno, Afro, Soul & EDM | Tech House Vibezz",preview-only,131.0,,131.0,false,4B,,G# major,4B,false,0.431,,tech-house,,0.278,opener,0.64,Spotify public 30s preview: beat/chroma/HPSS/RMS/onset structural analysis ; Mixgraph exact-title search performed; no exact recording match for Spotify 10pfamFYvg5ftwq6rGJrWx
3DqOJ2BoddzZpNdty3okJH,RIZZ,AYYBO,"Techno, Afro, Soul & EDM | Tech House Vibezz",exact-id,128.0,127.0,127.0,true,9B,6A,G minor,6A,false,0.552,0.546181533,tech-house,Tech House,0.303,reset,0.82,Spotify public 30s preview: beat/chroma/HPSS/RMS/onset structural analysis ; Mixgraph exact-id: https://www.mixgraph.io/tracks/ayybo-rizz-extended-mix
6KrrcOQiX7NQ4h038wKTUy,neck,Mau P,"Techno, Afro, Soul & EDM | Tech House Vibezz",exact-id,129.0,129.0,129.0,true,9B,10A,B minor,10A,false,0.729,0.77324667,tech-house,Tech House,0.296,lifter,0.82,Spotify public 30s preview: beat/chroma/HPSS/RMS/onset structural analysis ; Mixgraph exact-id: https://www.mixgraph.io/tracks/mau-p-neck-extended-mix
0PaZ052mHgQ1Ky2uDoa6Tr,Take It Away,"Lucas Estrada, Heliograph, Palm Brothers, Palau","Techno, Afro, Soul & EDM | Afro Vibezz",preview-only,120.0,,120.0,false,10B,,D major,10B,false,0.503,,afro,,0.564,reset,0.64,Spotify public 30s preview: beat/chroma/HPSS/RMS/onset structural analysis ; Mixgraph exact-title search performed; no exact recording match for Spotify 0PaZ052mHgQ1Ky2uDoa6Tr
0tlAgfYIDCcJ3qxP9nzmHE,Hypnotized,"Lucas Estrada, Heliograph, Samuel Prince","Techno, Afro, Soul & EDM | Afro Vibezz",preview-only,123.0,,123.0,false,11A,,F# minor,11A,false,0.331,,afro,,0.524,opener,0.64,Spotify public 30s preview: beat/chroma/HPSS/RMS/onset structural analysis ; Mixgraph exact-title search performed; no exact recording match for Spotify 0tlAgfYIDCcJ3qxP9nzmHE
1WEvnyNP1MxPnMsYqFd3dk,Your Love,"Heliograph, Amè","Techno, Afro, Soul & EDM | Afro Vibezz",preview-only,120.0,,120.0,false,4A,,F minor,4A,false,0.451,,afro,,0.264,opener,0.64,Spotify public 30s preview: beat/chroma/HPSS/RMS/onset structural analysis ; Mixgraph exact-title search performed; no exact recording match for Spotify 1WEvnyNP1MxPnMsYqFd3dk
1YH2pK01IAb9S7JiKT1MPu,You're So Bad,"Lucas Estrada, Heliograph, Samuel Prince","Techno, Afro, Soul & EDM | Afro Vibezz",preview-only,122.0,,122.0,false,11A,,F# minor,11A,false,0.829,,afro,,0.591,peak,0.64,Spotify public 30s preview: beat/chroma/HPSS/RMS/onset structural analysis ; Mixgraph exact-title search performed; no exact recording match for Spotify 1YH2pK01IAb9S7JiKT1MPu
2aTHmDr4tQkdJmVPJyfmgL,Nuthin’ But A “G” Thang,"aMouse, Heliograph","Techno, Afro, Soul & EDM | Afro Vibezz",preview-only,117.0,,117.0,false,1B,,B major,1B,false,0.728,,afro,,0.547,lifter,0.64,Spotify public 30s preview: beat/chroma/HPSS/RMS/onset structural analysis ; Mixgraph exact-title search performed; no exact recording match for Spotify 2aTHmDr4tQkdJmVPJyfmgL
3Bnc1jf9daAooE7dfYZkV4,We Dance,"Lucas Estrada, Heliograph, Palau","Techno, Afro, Soul & EDM | Afro Vibezz",preview-only,117.0,,117.0,false,3B,,C# major,3B,false,0.537,,afro,,0.436,reset,0.64,Spotify public 30s preview: beat/chroma/HPSS/RMS/onset structural analysis ; Mixgraph exact-title search performed; no exact recording match for Spotify 3Bnc1jf9daAooE7dfYZkV4
3CGJ2KUaPOprDlKz9XgiF7,One Kiss,"Heliograph, Palau","Techno, Afro, Soul & EDM | Afro Vibezz",preview-only,122.0,,122.0,false,2A,,D# minor,2A,false,0.51,,afro,,0.625,reset,0.64,Spotify public 30s preview: beat/chroma/HPSS/RMS/onset structural analysis ; Mixgraph exact-title search performed; no exact recording match for Spotify 3CGJ2KUaPOprDlKz9XgiF7
3dXrYAexwAonlygTs1cDOn,Moonlight,Heliograph,"Techno, Afro, Soul & EDM | Afro Vibezz",preview-only,122.0,,122.0,false,10B,,D major,10B,false,0.466,,afro,,0.594,reset,0.64,Spotify public 30s preview: beat/chroma/HPSS/RMS/onset structural analysis ; Mixgraph exact-title search performed; no exact recording match for Spotify 3dXrYAexwAonlygTs1cDOn
6M7jWqrOtwMxycjbYXhipu,Love Everything You Do,Heliograph,"Techno, Afro, Soul & EDM | Afro Vibezz",exact-id,120.0,120.0,120.0,true,1A,1A,G# minor,1A,true,0.609,0.719297883,afro,African | Afrobeats,0.173,reset,0.9,Spotify public 30s preview: beat/chroma/HPSS/RMS/onset structural analysis ; Mixgraph exact-id: https://www.mixgraph.io/tracks/heliograph-love-everything-you-do
7LapSXUTWUXy5r55fSi9gf,Dale Papi,"Vidojean X Oliver Loenn, Heliograph, Berat Oz","Techno, Afro, Soul & EDM | Afro Vibezz",preview-only,120.0,,120.0,false,11A,,F# minor,11A,false,0.533,,afro,,0.511,reset,0.64,Spotify public 30s preview: beat/chroma/HPSS/RMS/onset structural analysis ; Mixgraph exact-title search performed; no exact recording match for Spotify 7LapSXUTWUXy5r55fSi9gf
7uS9LjYK2CV7WGWj44tYV7,Sweat,Heliograph,"Techno, Afro, Soul & EDM | Afro Vibezz",preview-only,126.0,,126.0,false,10B,,D major,10B,false,0.598,,afro,,0.621,reset,0.64,Spotify public 30s preview: beat/chroma/HPSS/RMS/onset structural analysis ; Mixgraph exact-title search performed; no exact recording match for Spotify 7uS9LjYK2CV7WGWj44tYV7
21fAjb3K01LujY841IMbtA,Ira - Yubik Remix,"Enai, Yubik","Techno, Afro, Soul & EDM | Techno Vibezz",exact-id,123.0,123.0,123.0,true,5A,5A,C minor,5A,true,0.53,0.480410644,techno,Melodic House & Techno,0.05,reset,0.9,Spotify public 30s preview: beat/chroma/HPSS/RMS/onset structural analysis ; Mixgraph exact-id: https://www.mixgraph.io/tracks/enai-ira-yubik-remix
22LA2VZOMM5TEFA7yu1o9B,World's Perception - Enai Remix,"Hollt, Enai","Techno, Afro, Soul & EDM | Techno Vibezz",preview-only,125.0,,125.0,false,7A,,D minor,7A,false,0.906,,techno,,0.388,peak,0.64,Spotify public 30s preview: beat/chroma/HPSS/RMS/onset structural analysis ; Mixgraph exact-title search performed; no exact recording match for Spotify 22LA2VZOMM5TEFA7yu1o9B
30Z6Dp5Ddy6FN3xjm1XXLS,DONA,"Argy, Omiki","Techno, Afro, Soul & EDM | Techno Vibezz",exact-id,132.0,132.0,132.0,true,5B,5B,D# major,5B,true,0.649,0.760781153,techno,Melodic House & Techno,0.189,reset,0.9,Spotify public 30s preview: beat/chroma/HPSS/RMS/onset structural analysis ; Mixgraph exact-id: https://www.mixgraph.io/tracks/argy-dona
3s7tZDGRWJ4wL8x9na9MKE,Dream,Ontonic,"Techno, Afro, Soul & EDM | Techno Vibezz",exact-id,120.0,120.0,120.0,true,1B,10A,B minor,10A,false,0.589,0.784959908,techno,Melodic House & Techno | Melodic House,0.511,bridge,0.82,Spotify public 30s preview: beat/chroma/HPSS/RMS/onset structural analysis ; Mixgraph exact-id: https://www.mixgraph.io/tracks/ontonic-dream
6n9Nhx5nhAPrsnjQpL8zna,Giza,"Anyma, 19:26","Techno, Afro, Soul & EDM | Techno Vibezz",preview-only,131.0,,130.0,false,6A,,G minor,6A,false,0.714,,techno,,0.578,lifter,0.86,Spotify public 30s preview: beat/chroma/HPSS/RMS/onset structural analysis ; Mixgraph exact-title search performed; no exact recording match for Spotify 6n9Nhx5nhAPrsnjQpL8zna ; manual conflict resolution: https://www.beatport.com/track/giza/26747145 | Spotify public preview analysis
6u5uJUkN4Virf2lLxRCcve,Universe,Ontonic,"Techno, Afro, Soul & EDM | Techno Vibezz",exact-id,120.0,120.0,120.0,true,2A,2B,F# major,2B,false,0.394,0.45403164,techno,Melodic House & Techno,0.277,opener,0.82,Spotify public 30s preview: beat/chroma/HPSS/RMS/onset structural analysis ; Mixgraph exact-id: https://www.mixgraph.io/tracks/ontonic-universe
2da0QdMmeCnZURi2Pdy2Sj,Lavisa,Jason Padrone,"Techno, Afro, Soul & EDM | Afro Vibezz",preview-only,120.0,,120.0,false,6A,,G minor,6A,false,0.842,,afro,,0.801,vocal,0.64,Spotify public 30s preview: beat/chroma/HPSS/RMS/onset structural analysis ; Mixgraph exact-title search performed; no exact recording match for Spotify 2da0QdMmeCnZURi2Pdy2Sj
2yejwvLnmVFtwrMQlaRWgP,El Dorado,"HotLap, UVITA","Techno, Afro, Soul & EDM | Afro Vibezz",exact-id,120.0,120.0,120.0,true,11A,2B,F# major,2B,false,0.844,0.809818311,afro,Afro House,0.353,peak,0.82,Spotify public 30s preview: beat/chroma/HPSS/RMS/onset structural analysis ; Mixgraph exact-id: https://www.mixgraph.io/tracks/hotlap-el-dorado
5jpXBy9DB4kbuNLwGceYOy,Mind,"KEKURA, Kalyma, YOSHE","Techno, Afro, Soul & EDM | Afro Vibezz",preview-only,122.0,,122.0,false,2B,,F# major,2B,false,0.657,,afro,,0.763,vocal,0.64,Spotify public 30s preview: beat/chroma/HPSS/RMS/onset structural analysis ; Mixgraph exact-title search performed; no exact recording match for Spotify 5jpXBy9DB4kbuNLwGceYOy
0G6r9pghzSm8gGfgV64pHn,Melodia,"Argy, MEDUZA, PollyAnna","Techno, Afro, Soul & EDM | Techno Vibezz",preview-only,132.0,,132.0,false,3A,,A# minor,3A,false,0.239,,techno,,0.578,opener,0.64,Spotify public 30s preview: beat/chroma/HPSS/RMS/onset structural analysis ; Mixgraph exact-title search performed; no exact recording match for Spotify 0G6r9pghzSm8gGfgV64pHn
1GBBbKOarAJ38HwIfLcOji,Eternity,"Anyma, Chris Avantgarde","Techno, Afro, Soul & EDM | Techno Vibezz",exact-id,125.0,127.0,127.0,true,8B,8B,C major,8B,true,0.835,0.864415498,techno,Melodic House & Techno,0.422,peak,0.9,Spotify public 30s preview: beat/chroma/HPSS/RMS/onset structural analysis ; Mixgraph exact-id: https://www.mixgraph.io/tracks/chris-avantgarde-eternity-massano-remix-extended-mix
6mAIXsvt8eEIKSskw3YPth,Hypnotized (feat. Ellie Goulding),"Anyma, Ellie Goulding","Techno, Afro, Soul & EDM | Techno Vibezz",exact-id,125.0,125.0,125.0,true,9B,7A,D minor,7A,false,0.529,0.526251338,techno,Dance,0.172,reset,0.82,Spotify public 30s preview: beat/chroma/HPSS/RMS/onset structural analysis ; Mixgraph exact-id: https://www.mixgraph.io/tracks/anyma-hypnotized
6XqcxYifLCONJ1UWIX6HHZ,Puer,Cherry (UA),"Techno, Afro, Soul & EDM | Techno Vibezz",preview-only,126.0,,126.0,false,9A,,E minor,9A,false,0.531,,techno,,0.673,vocal,0.64,Spotify public 30s preview: beat/chroma/HPSS/RMS/onset structural analysis ; Mixgraph exact-title search performed; no exact recording match for Spotify 6XqcxYifLCONJ1UWIX6HHZ
7KxCyR3pCUqH136EvCDMun,Pictures Of You - Cassian Remix,"Anyma, Cassian","Techno, Afro, Soul & EDM | Techno Vibezz",preview-only,128.0,,128.0,false,9A,,E minor,9A,false,0.74,,techno,,0.543,lifter,0.64,Spotify public 30s preview: beat/chroma/HPSS/RMS/onset structural analysis ; Mixgraph exact-title search performed; no exact recording match for Spotify 7KxCyR3pCUqH136EvCDMun
5z9gPjsnHWvSj6F8rP50Pu,Do U Wanna (Extended Mix),"Naarly, Moonshine, Lucas Estrada","Techno, Afro, Soul & EDM | Afro Vibezz",preview-only,123.0,,123.0,false,11A,,F# minor,11A,false,0.52,,afro,,0.327,reset,0.64,Spotify public 30s preview: beat/chroma/HPSS/RMS/onset structural analysis ; Mixgraph exact-title search performed; no exact recording match for Spotify 5z9gPjsnHWvSj6F8rP50Pu
4dJVDcdrTwB0sDBbw4TfXR,Window Shake,"Argy, SOLANCE","Techno, Afro, Soul & EDM | Techno Vibezz",exact-id,129.0,129.0,129.0,true,2A,5B,D# major,5B,false,0.731,0.732243444,techno,Melodic House & Techno,0.32,lifter,0.82,Spotify public 30s preview: beat/chroma/HPSS/RMS/onset structural analysis ; Mixgraph exact-id: https://www.mixgraph.io/tracks/argy-window-shake
0Qp3W3eVtMJstjG8wOGYTY,You,"LEWS, nobodyknowsjones","Techno, Afro, Soul & EDM | Afro Vibezz",exact-id,123.0,123.0,123.0,true,2A,2A,D# minor,2A,true,0.533,0.659152436,afro,Afro House,0.313,reset,0.9,Spotify public 30s preview: beat/chroma/HPSS/RMS/onset structural analysis ; Mixgraph exact-id: https://www.mixgraph.io/tracks/lews-you-extended-mix
35dt2bP4CcBzepyufQbvYZ,Fire Fire,"Shimza, AR/CO, Kasango","Techno, Afro, Soul & EDM | Afro Vibezz",exact-id,125.0,125.0,125.0,true,6A,6A,G minor,6A,true,0.573,0.617383243,afro,Afro House,0.332,reset,0.9,Spotify public 30s preview: beat/chroma/HPSS/RMS/onset structural analysis ; Mixgraph exact-id: https://www.mixgraph.io/tracks/shimza-fire-fire-extended-mix
3hH3ypxqE0JwYq4mfyYmlD,Body,"Topic, Fireboy DML, Nico Santos","Techno, Afro, Soul & EDM | Afro Vibezz",exact-id,120.0,120.0,120.0,true,3A,3A,A# minor,3A,true,0.404,0.488590225,afro,Dance,0.334,opener,0.9,Spotify public 30s preview: beat/chroma/HPSS/RMS/onset structural analysis ; Mixgraph exact-id: https://www.mixgraph.io/tracks/nico-santos-body-extended-mix
3oKi7Fp9JhDLTKaW6fZLwO,Bad Girls Like You - English Version,"Tobii, DOLLA","Techno, Afro, Soul & EDM | Afro Vibezz",preview-only,133.0,,133.0,false,9A,,E minor,9A,false,0.743,,afro,,0.684,vocal,0.64,Spotify public 30s preview: beat/chroma/HPSS/RMS/onset structural analysis ; Mixgraph exact-title search performed; no exact recording match for Spotify 3oKi7Fp9JhDLTKaW6fZLwO
3VXJln5ZvlvzbsjJFhRhZE,Addicted (feat. TIMID.),"Naarly, Daytona, LEWS, FIRSTCLASS, TIMID.","Techno, Afro, Soul & EDM | Afro Vibezz",exact-id,120.0,120.0,120.0,true,1A,1A,G# minor,1A,true,0.445,0.426404763,afro,Afro House,0.182,opener,0.9,Spotify public 30s preview: beat/chroma/HPSS/RMS/onset structural analysis ; Mixgraph exact-id: https://www.mixgraph.io/tracks/daytona-addicted-feat-timid-extended-mix
4zBLxrB4WI9tu7wO9PIJM3,Aluna (Afro House),Dj Vini,"Techno, Afro, Soul & EDM | Afro Vibezz",preview-only,123.0,,123.0,false,1A,,G# minor,1A,false,0.613,,tribal,,0.04,reset,0.64,Spotify public 30s preview: beat/chroma/HPSS/RMS/onset structural analysis ; Mixgraph exact-title search performed; no exact recording match for Spotify 4zBLxrB4WI9tu7wO9PIJM3
5ZUIPLoTLJZrPQh2kFZEUM,Addicted,"Zerb, The Chainsmokers, Ink","Techno, Afro, Soul & EDM | Afro Vibezz",exact-id,120.0,120.0,120.0,true,4A,4A,F minor,4A,true,0.701,0.602558098,techno,Progressive House,0.189,closer,0.9,Spotify public 30s preview: beat/chroma/HPSS/RMS/onset structural analysis ; Mixgraph exact-id: https://www.mixgraph.io/tracks/ink-addicted
0LGUxRAobq2shxKN3xtnMJ,Weyu,"Lucas Estrada, Lenji, Amadi Blue","Techno, Afro, Soul & EDM | Afro Vibezz",preview-only,117.0,,117.0,false,11A,,F# minor,11A,false,0.507,,afro,,0.461,reset,0.64,Spotify public 30s preview: beat/chroma/HPSS/RMS/onset structural analysis ; Mixgraph exact-title search performed; no exact recording match for Spotify 0LGUxRAobq2shxKN3xtnMJ
0ntYber3YdK1ESxE9LiXoc,Move,"Stryv, Camila Cabello, Malachiii, Adam Port, Keinemusik, Orso","Techno, Afro, Soul & EDM | Afro Vibezz",same-recording,120.0,120.0,120.0,true,1A,1A,G# minor,1A,true,0.489,0.501270985,afro,Afro House,0.176,reset,0.74,Spotify public 30s preview: beat/chroma/HPSS/RMS/onset structural analysis ; Mixgraph same-recording: https://www.mixgraph.io/tracks/adam-port-move-feat-malachiii
2D9coh76MCXNqDEUCHl5vl,AWGAZI,"Palm Monkey, RUSSI, The Palm Tree Boy","Techno, Afro, Soul & EDM | Afro Vibezz",exact-id,117.0,118.0,118.0,true,4B,1A,G# minor,1A,false,0.492,0.492185603,afro,Afro House,0.03,reset,0.82,Spotify public 30s preview: beat/chroma/HPSS/RMS/onset structural analysis ; Mixgraph exact-id: https://www.mixgraph.io/tracks/russi-awgazi-extended-mix
418UFQyQAk6qukmov5uHlr,Temperatura,"Andor Gabriel, Jerome Sydor","Techno, Afro, Soul & EDM | Afro Vibezz",preview-only,120.0,,120.0,false,3B,,C# major,3B,false,0.695,,afro,,0.403,reset,0.64,Spotify public 30s preview: beat/chroma/HPSS/RMS/onset structural analysis ; Mixgraph exact-title search performed; no exact recording match for Spotify 418UFQyQAk6qukmov5uHlr
5nPbKG04fhLkIAjcPFaZq7,I Adore You (feat. Daecolm),"HUGEL, Topic, Arash, Daecolm","Techno, Afro, Soul & EDM | Afro Vibezz",exact-id,120.0,120.0,120.0,true,9A,10A,B minor,10A,false,0.714,0.650639163,afro,Afro House,0.223,lifter,0.82,Spotify public 30s preview: beat/chroma/HPSS/RMS/onset structural analysis ; Mixgraph exact-id: https://www.mixgraph.io/tracks/hugel-i-adore-you-extended-mix
76952ZbAHlgMqrIEMqYkgB,Papaoutai - Afro Soul,"mikeeysmind, Chill77, Unjaps","Techno, Afro, Soul & EDM | Afro Vibezz",same-recording,136.0,76.0,101.0,false,3B,1A,G# minor,1A,false,0.429,0.380459795,afro,Pop,0.104,opener,0.86,Spotify public 30s preview: beat/chroma/HPSS/RMS/onset structural analysis ; Mixgraph same-recording: https://www.mixgraph.io/tracks/mikeeysmind-papaoutai-afro-soul ; manual conflict resolution: https://songbpm.com/%40mikeeysmind/papaoutai-afro-soul-ezdtd | https://trackify.am/track/76952ZbAHlgMqrIEMqYkgB/tempo
7BM311QgIRlXRTZsPCIsQP,Away,"Topic, Sofiya Nzau","Techno, Afro, Soul & EDM | Afro Vibezz",preview-only,120.0,,120.0,false,1A,,G# minor,1A,false,0.476,,afro,,0.52,builder,0.64,Spotify public 30s preview: beat/chroma/HPSS/RMS/onset structural analysis ; Mixgraph exact-title search performed; no exact recording match for Spotify 7BM311QgIRlXRTZsPCIsQP
0KVxwBlnjoxP9BOnZ4OfHo,Dame tu Mano (Take My Hand),"Heliograph, Palau","Techno, Afro, Soul & EDM | Afro Vibezz",preview-only,120.0,,120.0,false,6A,,G minor,6A,false,0.485,,afro,,0.62,reset,0.64,Spotify public 30s preview: beat/chroma/HPSS/RMS/onset structural analysis ; Mixgraph exact-title search performed; no exact recording match for Spotify 0KVxwBlnjoxP9BOnZ4OfHo
0smB5zD5CJYMtdXvS2qS5A,Unforgettable,"Alok, Daecolm, Malou","Techno, Afro, Soul & EDM | Afro Vibezz",preview-only,120.0,,120.0,false,9A,,E minor,9A,false,0.464,,afro,,0.581,reset,0.64,Spotify public 30s preview: beat/chroma/HPSS/RMS/onset structural analysis ; Mixgraph exact-title search performed; no exact recording match for Spotify 0smB5zD5CJYMtdXvS2qS5A
1lIT2ZiOQetROcnkCRK4pf,Azizam,"merchant, Jordan Grace","Techno, Afro, Soul & EDM | Afro Vibezz",preview-only,125.0,,125.0,false,3B,,C# major,3B,false,0.643,,afro,,0.516,reset,0.64,Spotify public 30s preview: beat/chroma/HPSS/RMS/onset structural analysis ; Mixgraph exact-title search performed; no exact recording match for Spotify 1lIT2ZiOQetROcnkCRK4pf
1o9D0rUusi2V5idyOEOPII,Sweet Dreams (Are Made of This),"Winati, Moonshine, BELLMAN, Louise CS","Techno, Afro, Soul & EDM | Afro Vibezz",preview-only,126.0,,126.0,false,8A,,A minor,8A,false,0.853,,afro,,0.697,vocal,0.64,Spotify public 30s preview: beat/chroma/HPSS/RMS/onset structural analysis ; Mixgraph exact-title search performed; no exact recording match for Spotify 1o9D0rUusi2V5idyOEOPII
2jWZ9NZotZb2hN5obKx2FA,Loosen Up,"HUGEL, Dawty, Preston Harris","Techno, Afro, Soul & EDM | Afro Vibezz",exact-id,120.0,120.0,120.0,true,6A,6A,G minor,6A,true,0.565,0.515706143,afro,Afro House | Afro Melodic,0.359,reset,0.9,Spotify public 30s preview: beat/chroma/HPSS/RMS/onset structural analysis ; Mixgraph exact-id: https://www.mixgraph.io/tracks/preston-harris-loosen-up-extended-mix
4hC6vZO3aw9SlsmMboQVJE,EYES,RUSSI,"Techno, Afro, Soul & EDM | Afro Vibezz",preview-only,117.0,,117.0,false,2A,,D# minor,2A,false,0.623,,afro,,0.387,reset,0.64,Spotify public 30s preview: beat/chroma/HPSS/RMS/onset structural analysis ; Mixgraph exact-title search performed; no exact recording match for Spotify 4hC6vZO3aw9SlsmMboQVJE
62zDU1uPbP5VzM1QEgPnae,La Luna,Heliograph,"Techno, Afro, Soul & EDM | Afro Vibezz",preview-only,120.0,,120.0,false,3B,,C# major,3B,false,0.52,,afro,,0.512,reset,0.64,Spotify public 30s preview: beat/chroma/HPSS/RMS/onset structural analysis ; Mixgraph exact-title search performed; no exact recording match for Spotify 62zDU1uPbP5VzM1QEgPnae
0bruK7CIEhyQO8tzeRTnjg,Waitin',HotLap,"Techno, Afro, Soul & EDM | Afro Vibezz",exact-id,122.0,122.0,122.0,true,11A,2B,F# major,2B,false,0.802,0.827702768,techno,Melodic House & Techno,0.228,peak,0.82,Spotify public 30s preview: beat/chroma/HPSS/RMS/onset structural analysis ; Mixgraph exact-id: https://www.mixgraph.io/tracks/hotlap-waitin-extended-mix
2bR6kl5tv8SU8Ps0mrH8Wy,Feel The Love - Hotlap Remix,"andhim, AMÉMÉ, Malou, Avi Snow, HotLap","Techno, Afro, Soul & EDM | Afro Vibezz",exact-id,120.0,120.0,120.0,true,7B,4A,F minor,4A,false,0.597,0.78052286,afro,Afro House,0.213,bridge,0.82,Spotify public 30s preview: beat/chroma/HPSS/RMS/onset structural analysis ; Mixgraph exact-id: https://www.mixgraph.io/tracks/malou-feel-the-love-hotlap-extended-remix
4gACQVwjtFrI0NdK5n4idc,Let's Work,Touzani,"Techno, Afro, Soul & EDM | Afro Vibezz",exact-id,122.0,122.0,122.0,true,1A,1A,G# minor,1A,true,0.685,0.839962564,afro,Afro House,0.362,bridge,0.9,Spotify public 30s preview: beat/chroma/HPSS/RMS/onset structural analysis ; Mixgraph exact-id: https://www.mixgraph.io/tracks/touzani-lets-work-extended-mix
54LuSuR8NpNvmqL8VohoUy,Sunbeam,HotLap,"Techno, Afro, Soul & EDM | Afro Vibezz",exact-id,125.0,124.0,124.0,true,11A,2B,F# major,2B,false,0.742,0.658170137,techno,Melodic House & Techno | Melodic House,0.345,lifter,0.82,Spotify public 30s preview: beat/chroma/HPSS/RMS/onset structural analysis ; Mixgraph exact-id: https://www.mixgraph.io/tracks/hotlap-sunbeam
5JT9hOxKU03tW2VA80Q8X7,Hey Mama,Bletter,"Techno, Afro, Soul & EDM | Afro Vibezz",exact-id,123.0,124.0,124.0,true,9B,9A,E minor,9A,false,0.765,0.777953819,afro,Afro House,0.383,lifter,0.82,Spotify public 30s preview: beat/chroma/HPSS/RMS/onset structural analysis ; Mixgraph exact-id: https://www.mixgraph.io/tracks/bletter-hey-mama-extended-mix
0V9raTkW24E3mrf7ZemeNB,I Wanna Be Yours,Nick Varell,"Techno, Afro, Soul & EDM | Afro Vibezz",preview-only,122.0,,122.0,false,9B,,G major,9B,false,0.489,,afro,,0.465,reset,0.64,Spotify public 30s preview: beat/chroma/HPSS/RMS/onset structural analysis ; Mixgraph exact-title search performed; no exact recording match for Spotify 0V9raTkW24E3mrf7ZemeNB
1wOdMqYDHqILKGco6AbKdB,Touch Me - Hotlap Remix,"Pole Position, HotLap","Techno, Afro, Soul & EDM | Afro Vibezz",exact-id,125.0,124.0,124.0,true,10B,10B,D major,10B,true,0.752,0.822204239,techno,Melodic House & Techno,0.227,lifter,0.9,Spotify public 30s preview: beat/chroma/HPSS/RMS/onset structural analysis ; Mixgraph exact-id: https://www.mixgraph.io/tracks/pole-position-touch-me-hotlap-remix
1wWXUVWny5JJHxMvsAjAxD,Commas,HotLap,"Techno, Afro, Soul & EDM | Afro Vibezz",exact-id,120.0,120.0,120.0,true,9A,12B,E major,12B,false,0.661,0.654286972,techno,Melodic House & Techno,0.425,reset,0.82,Spotify public 30s preview: beat/chroma/HPSS/RMS/onset structural analysis ; Mixgraph exact-id: https://www.mixgraph.io/tracks/hotlap-commas
2KuQ9Au4R0WasDJ8fDRHxT,Shelter,"HotLap, UVITA","Techno, Afro, Soul & EDM | Afro Vibezz",exact-id,122.0,122.0,122.0,true,1A,5B,D# major,5B,false,0.786,0.737854072,techno,Melodic House & Techno,0.253,lifter,0.82,Spotify public 30s preview: beat/chroma/HPSS/RMS/onset structural analysis ; Mixgraph exact-id: https://www.mixgraph.io/tracks/hotlap-shelter-extended-mix
6VSPib5LDroLjQXXVk50gd,Pinnacle,"HotLap, Eli Moon","Techno, Afro, Soul & EDM | Afro Vibezz",preview-only,126.0,,126.0,false,10B,,D major,10B,false,0.905,,afro,,0.419,peak,0.64,Spotify public 30s preview: beat/chroma/HPSS/RMS/onset structural analysis ; Mixgraph exact-title search performed; no exact recording match for Spotify 6VSPib5LDroLjQXXVk50gd
7k0kq03bs3micRAVvYgzg8,You & I,"HotLap, SHELLS","Techno, Afro, Soul & EDM | Afro Vibezz",exact-id,125.0,125.0,125.0,true,6A,9B,G major,9B,false,0.618,0.65686539,house,Deep House,0.314,reset,0.82,Spotify public 30s preview: beat/chroma/HPSS/RMS/onset structural analysis ; Mixgraph exact-id: https://www.mixgraph.io/tracks/shells-you-i-feat-shells-extended
45cq4eLrpEyFbsa75bLteB,Nikotam,"Backeer, Elline","Techno, Afro, Soul & EDM | Afro Vibezz",preview-only,122.0,,122.0,false,6A,,G minor,6A,false,0.709,,afro,,0.629,lifter,0.64,Spotify public 30s preview: beat/chroma/HPSS/RMS/onset structural analysis ; Mixgraph exact-title search performed; no exact recording match for Spotify 45cq4eLrpEyFbsa75bLteB
6jkHEZaCSCOQ7M7Cwnw91Q,Maledhi,"Mindloco, Lazaros","Techno, Afro, Soul & EDM | Afro Vibezz",preview-only,120.0,,120.0,false,8A,,A minor,8A,false,0.284,,afro,,0.491,opener,0.64,Spotify public 30s preview: beat/chroma/HPSS/RMS/onset structural analysis ; Mixgraph exact-title search performed; no exact recording match for Spotify 6jkHEZaCSCOQ7M7Cwnw91Q
6nuH5zRlWzuzZr9fA4IcpY,No More,"Breakstorm, &SARA, David Eusse","Techno, Afro, Soul & EDM | Afro Vibezz",exact-id,125.0,124.0,124.0,true,4A,2B,F# major,2B,false,0.719,0.702743489,afro,Afro House,0.135,lifter,0.82,Spotify public 30s preview: beat/chroma/HPSS/RMS/onset structural analysis ; Mixgraph exact-id: https://www.mixgraph.io/tracks/david-eusse-no-more
70OtvVapZmDucK1owYRf3Z,Nei Ali,Berin,"Techno, Afro, Soul & EDM | Afro Vibezz",preview-only,120.0,,120.0,false,4A,,F minor,4A,false,0.888,,afro,,0.43,peak,0.64,Spotify public 30s preview: beat/chroma/HPSS/RMS/onset structural analysis ; Mixgraph exact-title search performed; no exact recording match for Spotify 70OtvVapZmDucK1owYRf3Z
7dDoLRPOgIdxDPN60P5vR2,Saliluti - Radio Mix,Chriszg,"Techno, Afro, Soul & EDM | Afro Vibezz",preview-only,123.0,,123.0,false,10B,,D major,10B,false,0.785,,afro,,0.061,lifter,0.64,Spotify public 30s preview: beat/chroma/HPSS/RMS/onset structural analysis ; Mixgraph exact-title search performed; no exact recording match for Spotify 7dDoLRPOgIdxDPN60P5vR2
2dyfnrBpCyinfhdZN4IsF3,Pull Out The Fire,"Kashovski, blackbird","Techno, Afro, Soul & EDM | Afro Vibezz",exact-id,125.0,124.0,124.0,true,6A,6A,G minor,6A,true,0.742,0.829111426,afro,Afro House,0.186,lifter,0.9,Spotify public 30s preview: beat/chroma/HPSS/RMS/onset structural analysis ; Mixgraph exact-id: https://www.mixgraph.io/tracks/blackbird-pull-out-the-fire
0wGlXAZU2OQlOiCghAOCqm,Like A Child,"Armin van Buuren, Argy, Marlo Rex","Techno, Afro, Soul & EDM | Techno Vibezz",preview-only,132.0,,132.0,false,4A,,F minor,4A,false,0.341,,techno,,0.855,vocal,0.64,Spotify public 30s preview: beat/chroma/HPSS/RMS/onset structural analysis ; Mixgraph exact-title search performed; no exact recording match for Spotify 0wGlXAZU2OQlOiCghAOCqm
1UhzFALHc9kjh3UqRJjR02,WIND,"Argy, Omiki","Techno, Afro, Soul & EDM | Techno Vibezz",exact-id,128.0,127.0,127.0,true,7A,10B,D major,10B,false,0.545,0.688907834,techno,Melodic House & Techno,0.397,builder,0.82,Spotify public 30s preview: beat/chroma/HPSS/RMS/onset structural analysis ; Mixgraph exact-id: https://www.mixgraph.io/tracks/argy-wind
4G6RcByL6hwtBJdhJDniFf,MANTRA,"Argy, Omiki, Lell Nahar","Techno, Afro, Soul & EDM | Techno Vibezz",exact-id,128.0,128.0,128.0,true,5A,5A,C minor,5A,true,0.534,0.665911195,techno,Melodic House & Techno | Melodic House,0.237,builder,0.9,Spotify public 30s preview: beat/chroma/HPSS/RMS/onset structural analysis ; Mixgraph exact-id: https://www.mixgraph.io/tracks/argy-mantra-extended-mix
3AjSfp5FDvwtMU9XBsbS8j,Push Up - Main Edit,Creeds,"Techno, Afro, Soul & EDM | Techno Vibezz",preview-only,150.0,,150.0,false,9B,,G major,9B,false,0.753,,techno,,0.455,lifter,0.86,Spotify public 30s preview: beat/chroma/HPSS/RMS/onset structural analysis ; Mixgraph exact-title search performed; no exact recording match for Spotify 3AjSfp5FDvwtMU9XBsbS8j ; manual conflict resolution: https://music.toolstud.io/tracks/bd32-162c/push-up-main-edit | Spotify public preview analysis
09CnYHiZ5jGT1wr1TXJ9Zt,Thank You (Not So Bad),"Dimitri Vegas & Like Mike, Tiësto, Dido, W&W, Dimitri Vegas, Like Mike","Techno, Afro, Soul & EDM | Techno Vibezz",exact-id,150.0,150.0,150.0,true,1B,1A,G# minor,1A,false,0.814,0.910098381,techno,Mainstage,0.287,peak,0.82,Spotify public 30s preview: beat/chroma/HPSS/RMS/onset structural analysis ; Mixgraph exact-id: https://www.mixgraph.io/tracks/tiesto-thank-you-not-so-bad
25V0TNA8cZLVzLQpHa6rB1,Freaks,FISHER,"Techno, Afro, Soul & EDM | Techno Vibezz",preview-only,125.0,,125.0,false,4A,,F minor,4A,false,0.796,,techno,,0.44,lifter,0.64,Spotify public 30s preview: beat/chroma/HPSS/RMS/onset structural analysis ; Mixgraph exact-title search performed; no exact recording match for Spotify 25V0TNA8cZLVzLQpHa6rB1
1KOTY2OVnEgua9eY76WxvT,Azul,Funk Tribu,"Techno, Afro, Soul & EDM | Techno Vibezz",exact-id,148.0,148.0,148.0,true,6A,6A,G minor,6A,true,0.611,0.518065765,techno,Trance (Main Floor),0.03,reset,0.9,Spotify public 30s preview: beat/chroma/HPSS/RMS/onset structural analysis ; Mixgraph exact-id: https://www.mixgraph.io/tracks/funk-tribu-azul-extended-mix
5e4II0hLokRNiw4q2uHeL8,Better With You,"Nico Moreno, Novah, KIMI","Techno, Afro, Soul & EDM | Techno Vibezz",exact-id,154.0,77.0,154.0,false,7B,4A,F minor,4A,false,0.634,0.702919596,techno,Hard Dance / Hardcore / Neo Rave | Neo Rave,0.312,reset,0.86,Spotify public 30s preview: beat/chroma/HPSS/RMS/onset structural analysis ; Mixgraph exact-id: https://www.mixgraph.io/tracks/nico-moreno-better-with-you ; manual conflict resolution: https://www.beatport.com/artist/nico-moreno/665892/tracks | Spotify public preview onset analysis (154 BPM double-time grid)
5JUOGoWTvUtTdedxOjTZ08,Back Online,ZIAGA,"Techno, Afro, Soul & EDM | Techno Vibezz",preview-only,128.0,,128.0,false,12B,,E major,12B,false,0.289,,techno,,0.489,opener,0.64,Spotify public 30s preview: beat/chroma/HPSS/RMS/onset structural analysis ; Mixgraph exact-title search performed; no exact recording match for Spotify 5JUOGoWTvUtTdedxOjTZ08
6ho0GyrWZN3mhi9zVRW7xi,Losing It,FISHER,"Techno, Afro, Soul & EDM | Tech House Vibezz",preview-only,125.0,,125.0,false,6A,,G major,9B,false,0.79,,tech-house,,0.316,lifter,0.86,Spotify public 30s preview: beat/chroma/HPSS/RMS/onset structural analysis ; Mixgraph exact-title search performed; no exact recording match for Spotify 6ho0GyrWZN3mhi9zVRW7xi ; manual conflict resolution: https://www.beatport.com/track/losing-it/10766349 | https://www.mixgraph.io/tracks/fisher-losing-it
5hmcw6bW5V24CvJqsz87We,On My Mind,"Diplo, SIDEPIECE","Techno, Afro, Soul & EDM | Tech House Vibezz",exact-id,123.0,123.0,123.0,true,6A,6A,G minor,6A,true,0.679,0.613413594,house,Bass House,0.337,reset,0.9,Spotify public 30s preview: beat/chroma/HPSS/RMS/onset structural analysis ; Mixgraph exact-id: https://www.mixgraph.io/tracks/diplo-on-my-mind-purple-disco-machine-remix-extended
5PL7k9QH7Kj7B4527dHvon,La Verdolaga,"HUGEL, Totó La Momposina","Techno, Afro, Soul & EDM | Afro Vibezz",exact-id,125.0,124.0,124.0,true,10A,1B,B major,1B,false,0.735,0.761418956,afro,Afro House | Latin Dance,0.381,lifter,0.82,Spotify public 30s preview: beat/chroma/HPSS/RMS/onset structural analysis ; Mixgraph exact-id: https://www.mixgraph.io/tracks/hugel-la-verdolaga-feat-tot-la-momposina-extended-mix
5nZ9KC7vuQe8vy7N3M5YXj,Dile,Juos,"Techno, Afro, Soul & EDM | Afro Vibezz | Tech House Vibezz",exact-id,131.0,130.0,130.0,true,11A,7A,D minor,7A,false,0.658,0.515280757,tech-house,Tech House | Latin Tech,0.089,reset,0.82,Spotify public 30s preview: beat/chroma/HPSS/RMS/onset structural analysis ; Mixgraph exact-id: https://www.mixgraph.io/tracks/juos-dile
3szSyYRapmpvq9UKU3drwy,"Right Here, Right Now - Rework","Fatboy Slim, Topic, Marco Generani","Techno, Afro, Soul & EDM | Afro Vibezz | House Vibezz",preview-only,123.0,,123.0,false,3B,,C# major,3B,false,0.597,,afro,,0.331,reset,0.64,Spotify public 30s preview: beat/chroma/HPSS/RMS/onset structural analysis ; Mixgraph exact-title search performed; no exact recording match for Spotify 3szSyYRapmpvq9UKU3drwy
2SYt3HZ7dZ8EyvvrsJBrS6,Loco,Tony Dark Eyes,"Techno, Afro, Soul & EDM | Tech House Vibezz",preview-only,125.0,,125.0,false,8A,,A minor,8A,false,0.551,,tech-house,,0.226,reset,0.64,Spotify public 30s preview: beat/chroma/HPSS/RMS/onset structural analysis ; Mixgraph exact-title search performed; no exact recording match for Spotify 2SYt3HZ7dZ8EyvvrsJBrS6
3fwmJrwHkJrUcybkmTU8pd,Shingaling Shingaling,"Cumbiafrica, Lost Minds, Reebs","Techno, Afro, Soul & EDM | Tech House Vibezz",exact-id,128.0,128.0,128.0,true,9B,10B,D major,10B,false,0.652,0.626268261,house,House,0.243,reset,0.82,Spotify public 30s preview: beat/chroma/HPSS/RMS/onset structural analysis ; Mixgraph exact-id: https://www.mixgraph.io/tracks/reebs-shingaling-shingaling-extended-mix
46d9wSmQTSyBrJKQ9YwNHb,Cap,Enzo is Burning,"Techno, Afro, Soul & EDM | Tech House Vibezz",preview-only,129.0,,129.0,false,11A,,F# minor,11A,false,0.62,,tech-house,,0.658,vocal,0.64,Spotify public 30s preview: beat/chroma/HPSS/RMS/onset structural analysis ; Mixgraph exact-title search performed; no exact recording match for Spotify 46d9wSmQTSyBrJKQ9YwNHb
4FHXsehfIbyPCJLP7fCnIF,Ritmo,Raffa Fl,"Techno, Afro, Soul & EDM | Tech House Vibezz",preview-only,125.0,,125.0,false,6A,,G minor,6A,false,0.922,,tech-house,,0.743,closer,0.64,Spotify public 30s preview: beat/chroma/HPSS/RMS/onset structural analysis ; Mixgraph exact-title search performed; no exact recording match for Spotify 4FHXsehfIbyPCJLP7fCnIF
7DxrTNmUprBMQ0RV45xreb,Verano En NY,Toman,"Techno, Afro, Soul & EDM | Tech House Vibezz",exact-id,126.0,126.0,126.0,true,6A,9B,G major,9B,false,0.6,0.541177142,tech-house,Tech House | Latin Tech,0.224,reset,0.82,Spotify public 30s preview: beat/chroma/HPSS/RMS/onset structural analysis ; Mixgraph exact-id: https://www.mixgraph.io/tracks/toman-verano-en-ny
0FIAB3qd9n8Va9rhmRjteH,La La La,"Sinego, Fernando Milagros, Daybreaker, Benziê","Techno, Afro, Soul & EDM | Afro Vibezz",preview-only,125.0,,125.0,false,3B,,C# major,3B,false,0.701,,afro,,0.607,bridge,0.64,Spotify public 30s preview: beat/chroma/HPSS/RMS/onset structural analysis ; Mixgraph exact-title search performed; no exact recording match for Spotify 0FIAB3qd9n8Va9rhmRjteH
3wlEt7tgbcyowpdlcnCwfz,Sauti,"Francis Mercier, Faul & Wad, African Children's Choir","Techno, Afro, Soul & EDM | Afro Vibezz",exact-id,122.0,122.0,122.0,true,6A,7A,D minor,7A,false,0.465,0.33468943,afro,Afro House | Afro Melodic,0.66,closer,0.82,Spotify public 30s preview: beat/chroma/HPSS/RMS/onset structural analysis ; Mixgraph exact-id: https://www.mixgraph.io/tracks/francis-mercier-sauti
5Lm6Vl5RjOF77si7Tv5Usz,Tambora,"Faul & Wad, MESTIZA, Martina Camargo","Techno, Afro, Soul & EDM | Afro Vibezz",exact-id,125.0,125.0,125.0,true,1A,1B,B major,1B,false,0.525,0.472382463,afro,Afro House,0.414,reset,0.82,Spotify public 30s preview: beat/chroma/HPSS/RMS/onset structural analysis ; Mixgraph exact-id: https://www.mixgraph.io/tracks/martina-camargo-tambora-extended-mix
5XOzAn4HqJDrjDHt65rt7L,Bailalo,RAFFA GUIDO,"Techno, Afro, Soul & EDM | Afro Vibezz",exact-id,122.0,122.0,122.0,true,3A,3A,A# minor,3A,true,0.701,0.853407941,afro,Afro House | Afro Melodic,0.203,bridge,0.9,Spotify public 30s preview: beat/chroma/HPSS/RMS/onset structural analysis ; Mixgraph exact-id: https://www.mixgraph.io/tracks/raffa-guido-bailalo-extended-mix
6rR9j58vyiStN9CefIGVm7,Mi Alma,Dennis Cartier,"Techno, Afro, Soul & EDM | Afro Vibezz",exact-id,122.0,122.0,122.0,true,9A,9A,E minor,9A,true,0.552,0.462487831,afro,Afro House,0.224,reset,0.9,Spotify public 30s preview: beat/chroma/HPSS/RMS/onset structural analysis ; Mixgraph exact-id: https://www.mixgraph.io/tracks/dennis-cartier-mi-alma-extended-mix
7IUGkB1cmE78vv9wlYtfER,Coge El Paso,"HUGEL, DERON, La Payara","Techno, Afro, Soul & EDM | Afro Vibezz",preview-only,125.0,,125.0,false,8A,,A minor,8A,false,0.325,,afro,,0.514,opener,0.64,Spotify public 30s preview: beat/chroma/HPSS/RMS/onset structural analysis ; Mixgraph exact-title search performed; no exact recording match for Spotify 7IUGkB1cmE78vv9wlYtfER
6SeZObDDZZiJmzY4qgfh57,Capitale,Illyus Barrientos,"Techno, Afro, Soul & EDM | House Vibezz",exact-id,125.0,125.0,125.0,true,2B,11A,F# minor,11A,false,0.505,0.620152739,house,House,0.129,builder,0.82,Spotify public 30s preview: beat/chroma/HPSS/RMS/onset structural analysis ; Mixgraph exact-id: https://www.mixgraph.io/tracks/illyus-barrientos-capitale-extended-mix
7e9eZ3JJ0JPkfNNrLsWBt5,Velvet Night,WOGEL,"Techno, Afro, Soul & EDM | House Vibezz",preview-only,125.0,,125.0,false,2B,,F# major,2B,false,0.392,,house,,0.561,opener,0.64,Spotify public 30s preview: beat/chroma/HPSS/RMS/onset structural analysis ; Mixgraph exact-title search performed; no exact recording match for Spotify 7e9eZ3JJ0JPkfNNrLsWBt5
7q7xQ91AWU1PFni84RznU9,Conga - Radio Edit,Massivedrum,"Techno, Afro, Soul & EDM | House Vibezz",preview-only,126.0,,126.0,false,9B,,G major,9B,false,0.355,,house,,0.095,opener,0.64,Spotify public 30s preview: beat/chroma/HPSS/RMS/onset structural analysis ; Mixgraph exact-title search performed; no exact recording match for Spotify 7q7xQ91AWU1PFni84RznU9
2NPOfAcuPVBilgRETr0qJq,Heaven (feat. Yousra),"Tomas Grey, Yousra","Techno, Afro, Soul & EDM | Techno Vibezz",preview-only,133.0,,133.0,false,12A,,C# minor,12A,false,0.336,,techno,,0.499,opener,0.64,Spotify public 30s preview: beat/chroma/HPSS/RMS/onset structural analysis ; Mixgraph exact-title search performed; no exact recording match for Spotify 2NPOfAcuPVBilgRETr0qJq
5PI6kX5XDbiLsTjX7qJjE2,Don't Wake Us Up - Extended Mix,"JOA, James Carter","Techno, Afro, Soul & EDM | Techno Vibezz",exact-id,132.0,132.0,132.0,true,4A,3A,A# minor,3A,false,0.504,0.562067271,techno,Mainstage,0.213,reset,0.82,Spotify public 30s preview: beat/chroma/HPSS/RMS/onset structural analysis ; Mixgraph exact-id: https://www.mixgraph.io/tracks/james-carter-dont-wake-us-up-extended-mix
1dZufI94FSPvNcHzbr0nT2,Missing Part of Me,JOA,"Techno, Afro, Soul & EDM | Techno Vibezz",preview-only,128.0,,128.0,false,9A,,E minor,9A,false,0.641,,techno,,0.602,reset,0.64,Spotify public 30s preview: beat/chroma/HPSS/RMS/onset structural analysis ; Mixgraph exact-title search performed; no exact recording match for Spotify 1dZufI94FSPvNcHzbr0nT2
55Zql8avsQO7zPiBqJvFAI,SINCE '06,ASK YOUR FRIENDS,"Techno, Afro, Soul & EDM | House Vibezz",preview-only,138.0,,138.0,false,10A,,B minor,10A,false,0.377,,house,,0.705,vocal,0.64,Spotify public 30s preview: beat/chroma/HPSS/RMS/onset structural analysis ; Mixgraph exact-title search performed; no exact recording match for Spotify 55Zql8avsQO7zPiBqJvFAI
